-- phpMyAdmin SQL Dump
-- version 4.8.5
-- https://www.phpmyadmin.net/
--
-- Host: localhost:3306
-- Generation Time: Sep 19, 2020 at 10:06 AM
-- Server version: 5.7.24
-- PHP Version: 7.2.19

SET SQL_MODE = "NO_AUTO_VALUE_ON_ZERO";
SET AUTOCOMMIT = 0;
START TRANSACTION;
SET time_zone = "+00:00";


/*!40101 SET @OLD_CHARACTER_SET_CLIENT=@@CHARACTER_SET_CLIENT */;
/*!40101 SET @OLD_CHARACTER_SET_RESULTS=@@CHARACTER_SET_RESULTS */;
/*!40101 SET @OLD_COLLATION_CONNECTION=@@COLLATION_CONNECTION */;
/*!40101 SET NAMES utf8mb4 */;

--
-- Database: `somo`
--

-- --------------------------------------------------------

--
-- Table structure for table `articleattrs`
--

CREATE TABLE `articleattrs` (
  `id` bigint(20) UNSIGNED NOT NULL,
  `article_id` bigint(20) UNSIGNED NOT NULL,
  `title` varchar(255) COLLATE utf8mb4_unicode_ci NOT NULL,
  `value` varchar(255) COLLATE utf8mb4_unicode_ci NOT NULL,
  `created_at` timestamp NULL DEFAULT NULL,
  `updated_at` timestamp NULL DEFAULT NULL
) ENGINE=InnoDB DEFAULT CHARSET=utf8mb4 COLLATE=utf8mb4_unicode_ci;

-- --------------------------------------------------------

--
-- Table structure for table `articles`
--

CREATE TABLE `articles` (
  `id` bigint(20) UNSIGNED NOT NULL,
  `title` varchar(255) COLLATE utf8mb4_unicode_ci NOT NULL,
  `user_id` bigint(20) UNSIGNED NOT NULL,
  `image` tinyint(1) NOT NULL DEFAULT '0',
  `url` varchar(255) COLLATE utf8mb4_unicode_ci NOT NULL,
  `description` text COLLATE utf8mb4_unicode_ci,
  `minitext` text COLLATE utf8mb4_unicode_ci,
  `publish` tinyint(1) NOT NULL DEFAULT '0',
  `articlevideo` varchar(255) COLLATE utf8mb4_unicode_ci DEFAULT NULL,
  `ordered` int(11) NOT NULL DEFAULT '0',
  `reference` varchar(255) COLLATE utf8mb4_unicode_ci DEFAULT NULL,
  `article_group_id` bigint(20) UNSIGNED NOT NULL,
  `created_at` timestamp NULL DEFAULT NULL,
  `updated_at` timestamp NULL DEFAULT NULL
) ENGINE=InnoDB DEFAULT CHARSET=utf8mb4 COLLATE=utf8mb4_unicode_ci;

--
-- Dumping data for table `articles`
--

INSERT INTO `articles` (`id`, `title`, `user_id`, `image`, `url`, `description`, `minitext`, `publish`, `articlevideo`, `ordered`, `reference`, `article_group_id`, `created_at`, `updated_at`) VALUES
(1, 'خصوصیات انواع پایه های مرکبات (قسمت اول)', 1, 1, 'خصوصیات-انواع-پایه-های-مرکبات-(قسمت-اول)', 'توضیحات مربوط به خصوصیات انواع پایه‌های مرکبات', 'تولید درختان مرکبات در طول صدها سال در کشورهای تولید کننده از نوع بذری بود. درختان بذری با داشتن دوره نونهالی طولانی، چندین سال فاقد میوه بوده و ضمن داشتن قدرت رشد عمومی زیاد، دارای خارهای زیادی نیز هستند.', 1, NULL, 1, NULL, 2, '2020-09-13 09:00:46', '2020-09-17 08:08:34'),
(2, 'خصوصیات پایه‌های مرکبات(قسمت دوم)', 1, 1, 'خصوصیات-پایههای-مرکباتقسمت-دوم', NULL, 'نارنج(C. aurantium L.) رایجترین پایه مرکبات در مناطق مرکبات‌خیز دنیا است. حساسیت این پایه به بیماری تریستزا باعث شده که از این پایه در کشورهای استرالیا، آرژانتین، برزیل، کالیفرنیا، اسپانیا، آمریکا و آفریقای جنوبی محدود شود.', 1, NULL, 2, NULL, 2, '2020-09-13 09:02:40', '2020-09-13 09:02:46'),
(3, 'سوسک حنایی خرما', 1, 1, 'سوسک-حنایی-خرما', NULL, 'سوسک حنایی خرما (نام علمی: Rhynchophorus ferrugineus)، یک گونه از سوسک‌های خرطوم‌دار که با عنوان سرخرطومی آسیایی یا شپشه نخل ساگو نیز شناخته شده‌است. سوسک‌های بالغ نسبتاً بزرگ هستند و طول بدن این حشرات حدود دو تا پنج سانتی‌متر می‌باشد و معمولاً یک رنگ هستند، اما بسیاری از آن‌ها رنگ قرمز آجری دارند و اغلب به عنوان گونه‌های مختلف (به عنوان مثال، Rhynchophorus vulneratus، که هنوز هم مورد اختلاف) ثبت شده‌اند.', 1, NULL, 3, NULL, 3, '2020-09-17 06:25:18', '2020-09-17 06:25:59'),
(4, 'بیماری موزائیک سیب و سبزردی (کلروز) بر اثر آهن', 1, 1, 'بیماری-موزائیک-سیب-و-سبزردی-(کلروز)-بر-اثر-آهن', NULL, 'بیماری موزائیک سیب و سبزردی (کلروز) بر اثر آهن: بارزترین نشانه‌های بیماری در بهار روی برگهای در حال رشد و نمو درختان آلوده سیب دیده می‌شود و...', 1, NULL, 4, NULL, 9, '2020-09-17 06:28:01', '2020-09-17 06:28:32'),
(5, 'بیماری چوب لاستیکی و پیچیدگی و تورم شاخه درختان سیب', 1, 1, 'بیماری-چوب-لاستیکی-و-پیچیدگی-و-تورم-شاخه-درختان-سیب', NULL, 'چوب لاستیکی به درختان سیب حمله می‌کند و به شکل آلودگی نهفته در گلابی دیده می‌شود. در نهالهای بذری درخت به، بافت مردگی پوست، شبیه شانکر ایجاد می‌کند.', 1, NULL, 5, NULL, 9, '2020-09-17 06:29:37', '2020-09-17 06:29:46'),
(6, 'بیماری سرطان طوقه و ریشه و جاروک سیب', 1, 1, 'بیماری-سرطان-طوقه-و-ریشه-و-جاروک-سیب', NULL, 'بیماری سرطان طوقه و ریشه که گال طوقه و ریشه هم نامیده می‌شود در خزانه‌ها، نهالستانها و باغ‌های میوه سراسر جهان شیوع دارد.', 1, NULL, 6, NULL, 9, '2020-09-17 06:30:41', '2020-09-17 06:30:54'),
(7, 'بیماری سوختگی آتشی سیب', 1, 1, 'بیماری-سوختگی-آتشی-سیب', NULL, 'سوختگی آتشی یکی از بیماریهای بسیار خطرناک باکتریای است که نخستین بار در نیویورک گزارش شد، سپس در اروپا و بسیاری از کشورهای میوه‌خیز شیوع پیدا کرد.', 1, NULL, 7, NULL, 9, '2020-09-17 06:31:43', '2020-09-17 06:31:54'),
(8, 'بیماری‌های پس از برداشت( پوسیدگی آلترناریایی،ریزوپوسی و فیتوفتورایی میوه سیب)', 1, 1, 'بیماری‌های-پس-از-برداشت(-پوسیدگی-آلترناریایی،ریزوپوسی-و-فیتوفتورایی-میوه-سیب)', NULL, 'میوه‌های سیب و گلابی به بیماری پوسیدگی آلترناریایی مبتلا می‌شوند.کم و بیش در همه کشورهایی که سیب و گلابی کشت می‌شوند، پوسیدگی آلترناریایی شایع است....', 1, NULL, 8, NULL, 9, '2020-09-17 06:32:53', '2020-09-17 06:33:18'),
(9, 'بیماری‌های پس از برداشت سیب (پوسیدگی کپک آبی و خاکستری سیب)', 1, 1, 'بیماری‌های-پس-از-برداشت-سیب-(پوسیدگی-کپک-آبی-و-خاکستری-سیب)', NULL, 'پوسیدگی کپک آبی از جمله بیماری‌هایی است که پس از برداشت سیب به وجود می‌آید. کپک آبی که پوسیدگی نرم یا پوسیدگی مرطوب هم نامیده می‌شود، مهم‌ترین بیماری پس از برداشت سیب است.', 1, NULL, 9, NULL, 9, '2020-09-17 06:34:58', '2020-09-17 06:35:18'),
(10, 'بیماری پوسیدگی آرمیلاریایی ریشه و پوسیدگی فیتوفتورایی طوقه، یقه و ریشه', 1, 1, 'بیماری-پوسیدگی-آرمیلاریایی-ریشه-و-پوسیدگی-فیتوفتورایی-طوقه،-یقه-و-ریشه', NULL, 'به پوسیدگی آرمیلاریایی ریشه،« بیماری قارچی ریشه بلوط»، « پوسیدگی ریشه بر اثر قارچ کلاهکدار» و پوسیدگی بند کفشی» هم گفته می‌شود....', 1, NULL, 10, NULL, 9, '2020-09-17 06:36:29', '2020-09-17 06:37:51'),
(11, 'بیماری‌های شانکر بوتریوسفریایی،نکتریایی و پوسیدگی رزلینیایی ریشه درختان سیب', 1, 1, 'بیماری‌های-شانکر-بوتریوسفریایی،نکتریایی-و-پوسیدگی-رزلینیایی-ریشه-درختان-سیب', NULL, 'شانکر بوتریوسفریایی سیب بیشتر در مناطقی با هوای مرطوب و بارندگی زیاد دیده می‌شود، اما در باغهای سیب واقع در دشتها و ارتفاعات با هوای سرد و خشک، شایع نیست...', 1, NULL, 11, NULL, 9, '2020-09-17 06:41:41', '2020-09-17 06:41:56'),
(12, 'آفت‌های درخت انجیر', 1, 1, 'آفت‌های-درخت-انجیر', NULL, 'یکی از مسائل عمده درختان انجیر در باغها و تک درخت‌های انجیر در باغچه‌ها و منازل، ریزش میوه‌ها قبل از رسیدن است. عدم تلقیح گلها توسط زنبور بلاستوفاگا یکی از عوامل ریزش می‌باشد. زنبور بلاستوفاگا ...', 1, NULL, 12, NULL, 6, '2020-09-17 06:43:26', '2020-09-17 06:43:37'),
(13, 'درخت انجیر و بیماری‌های آن', 1, 1, 'درخت-انجیر-و-بیماری‌های-آن', NULL, 'انجیر با نام علمی Ficus carica L درختی خزاندار، از تیره توت سانان است. در جنس Ficus حدود ۶۰۰ گونه وجود دارد که بیشتر گرمسیری و همیشه سبز هستند...', 1, NULL, 13, NULL, 6, '2020-09-17 06:44:29', '2020-09-17 06:44:42'),
(14, 'آفات مهم درخت انار (کرم گلوگاه انار،شته سبز و کنه انار)', 1, 1, 'آفات-مهم-درخت-انار-(کرم-گلوگاه-انار،شته-سبز-و-کنه-انار)', NULL, 'کرم گلوگاه انار در ایران  برروی انار دیده می‌شود ولی در کشورهای دیگر میزبان‌های متعدد مانند خرنوب، پرتقال، تمر هندی، ازگیل ژاپنی، بادام زمینی، انجیر، گردو، فندق، خرما، شاه بلوط، سیب، به، هلو، زردآلو و غیره دارد.', 1, NULL, 14, NULL, 8, '2020-09-17 06:45:44', '2020-09-17 06:45:50'),
(15, 'درخت انار و بیماری‌های آن', 1, 1, 'درخت-انار-و-بیماری‌های-آن', NULL, 'درخت انار با نام علمی Punica granatum به تیره انارسانان تعلق دارد.این درخت بومی آسیای مرکزی و غربی است و سالیان طولانی است که در ایران کاشته می‌شود...', 1, NULL, 15, NULL, 8, '2020-09-17 06:46:30', '2020-09-17 06:46:42'),
(16, 'آفات درخت زیتون (پسیل، سپردار بنفش و شپشک سیاه زیتون)', 1, 1, 'آفات-درخت-زیتون-(پسیل،-سپردار-بنفش-و-شپشک-سیاه-زیتون)', NULL, 'پسیل زیتون در اوایل بهار در هنگام رویش شاخه‌های جوان و بازشدن گل‌های زیتون بیشترین خسارت را باعث می‌شود.', 1, NULL, 16, NULL, 7, '2020-09-17 06:47:39', '2020-09-17 06:47:50'),
(17, 'درخت زیتون و بیماری‌های آن', 1, 1, 'درخت-زیتون-و-بیماری‌های-آن', NULL, 'زیتون با نام علمی Olea europea L.  درختی از تیره Oleaceae است. در جنس زیتون چندین گونه مختلف وجود دارد که از بین آن‌ها، تنها درخت زیتون میوه خوراکی تولید می‌کند و بقیه زینتی هستند.', 1, NULL, 17, NULL, 7, '2020-09-17 06:48:40', '2020-09-17 06:48:52'),
(18, 'آفات درخت خرما', 1, 1, 'آفات-درخت-خرما', NULL, 'سپردار سفید خرما (Parlatoria blanchardi)به نخل زینتی و درختان خرمای جوان مخصوصا درختانی که در کنار نهرها و جاهای مرطوب و همچنین پاجوش‌ها خسارت می‌زند...', 1, NULL, 18, NULL, 5, '2020-09-17 06:49:39', '2020-09-17 06:49:50'),
(19, 'بیماری‌های درخت خرما (زگیل سیاه، پوسیدگی گل آذین و خشکیدگی خوشه خرما)', 1, 1, 'بیماری‌های-درخت-خرما-(زگیل-سیاه،-پوسیدگی-گل-آذین-و-خشکیدگی-خوشه-خرما)', NULL, 'زگیل سیاه درخت خرما که به آن لکه گرافیولایی برگ نیز گفته می‌شود، شایع ترین بیماری نخل است، و در مناطقی که شرایط اقلیمی آن مرطوب است بروز می‌کند. و..', 1, NULL, 19, NULL, 5, '2020-09-17 06:50:35', '2020-09-17 06:50:44');

-- --------------------------------------------------------

--
-- Table structure for table `article_contents`
--

CREATE TABLE `article_contents` (
  `id` bigint(20) UNSIGNED NOT NULL,
  `text` text COLLATE utf8mb4_unicode_ci,
  `ordered` int(11) NOT NULL DEFAULT '0',
  `publish` tinyint(1) NOT NULL DEFAULT '1',
  `article_id` bigint(20) UNSIGNED NOT NULL,
  `col` int(11) NOT NULL DEFAULT '1',
  `article_type_id` bigint(20) UNSIGNED NOT NULL,
  `created_at` timestamp NULL DEFAULT NULL,
  `updated_at` timestamp NULL DEFAULT NULL
) ENGINE=InnoDB DEFAULT CHARSET=utf8mb4 COLLATE=utf8mb4_unicode_ci;

--
-- Dumping data for table `article_contents`
--

INSERT INTO `article_contents` (`id`, `text`, `ordered`, `publish`, `article_id`, `col`, `article_type_id`, `created_at`, `updated_at`) VALUES
(1, '<p>تولید درختان مرکبات در طول صدها سال در کشورهای تولید کننده از نوع بذری بود. درختان بذری با داشتن دوره نونهالی طولانی، چندین سال فاقد میوه بوده و ضمن داشتن قدرت رشد عمومی زیاد، دارای خارهای زیادی نیز هستند. به همین دلیل ازیاد بذری مرکبات، به عنوان روش نامطلوب شناخته شده است. در این حالت بازگشت سریع سرمایه گذاری اولیه جهت احداث باغ امکان پذیر نیست. از طرف دیگر بیشتر ارقام تجاری در حالت بذری به عوامل بیماری&zwnj;زای خاکی چون پوسیدگی ریشه و نماتودهای ریشه حساس هستند. انتخاب پایه مناسب در هر منطقه&nbsp; از نکات بسیار مهم و قابل توجه است.دستیابی به یک باغ مطلوب متضمن انتخاب پایه ای است که سیستم ریشه مناسبی را تشکیل دهد. با توجه به مراقبت های سالانه باغ در جهت تامین مواد غذایی و آب، سیستم ریشه&zwnj; نقش موثری در جذب آب و مواد غذایی ایفا می&zwnj;کند. همچنین در گیاه پیوند شده، وجود مشخصه&zwnj;هایی چون توانایی ذخیره کربوهیدرات در برگ&zwnj;ها، ساخت برخی هورمون&zwnj;های رشد و مقاومت به امراض و عوامل نامساعد محیطی اهمیت بسیاری دارد. بیش از 20 مشخصه باغبانی تحت تاثیر باغبانی پایه قرار دارد. این خصوصیات شامل قدرت رشد و اندازه درخت، عمق ریشه، مقاومت به یخ&zwnj;بندان، میزان محصول، کیفیت درونی میوه، تاریخ بلوغ، عادت پذیری و تحمل شرایط خاک مثل شوری یا ph&nbsp; بالای خاک، آب اشباع، مقاومت به نماتدها و بیماری&zwnj;های پوسیدگی ریشه و بلایت است. برحسب رقم مورد استفاده و نحوه مصرف، پایه انتخابی تاثیر زیادی روی میوه می&zwnj;گذارد. پایه رافلمون رافلمون(Citrus jambhiri Lush) بومی شمال شرق هند است. احتمالا گونه رافلمون یک دو رگ طبیعی است، زیرا در مقایسه با گونه&zwnj;های دیگر لیمو درصد چند جنینی بالایی از خود نشان داده است. این پایه در بسیاری از کشورها به عنوان پایه&zwnj;ای سازگار با لمون&zwnj;ها، لایم&zwnj;ها، کامکوات، تانجلوها و نارنگی دنسی مورد استفاده قرار میگیرد. مهمترین دلیل استفاده باغداران از این پایه، عادت پذیری این گونه به خاک&zwnj;های شنی با مواد غذایی ضعیف است. بدلیل اینکه هدایت ریشه&zwnj;ای این پایه در دماهای پایین نسبتا بالاست لذا نسبت به پایه&zwnj;هایی مانند کاریزسیترنج از حساسیت بالایی به سرما برخوردار است. معایب پایه رافلمون حساسیت به بیماری بلایت و سرمازدگی حساسیت در مقابل بیماری پوسیدگی ریشه و طوقه، نماتد مرکبات برای کشت در اراضی مرطوب با زهکشی ضعیف مناسب نیست مزایای پایه رافلمون تاحدودی مقاوم به بیماری زایلوپروسیس، اگزوکورتیس و تریستزا بزرگ بودن میوه ارقام تجاری روی این پایه و مناسب برای پرتقال و گریپ فروت مناسب برای مناطق گرم با خاک شنی عمیق سریع الرشد،دارای طول عمر زیاد و پربار بودن درختان روی این پایه پای لیموی ولکامریانا لیموی ولکامریانا یا Citrus volkameriana Ten &amp; Pasq تولید درختانی بزرگ، پر رشد، محصولی خیلی بالا و کیفیتی پایین می&zwnj;کند. ![](http://azarinsms.com/storage/app/media/unnamed-file-7.jpg) مزایای پایه ولکامریانا ارقام پیوندی روی پایه ولکامریانا نسبت به سایر لیموها به سرما مقاوترند. پایه ولکامریانا به بیماری تریستزا و زایلوپروسیس حساس نیستند. مقاوم به فیتوفترا(گونه پارازیتیکا) معایب پایه ولکامریانا حساس به نماتد مرکبات و بلایت حساس به گونه سیتروفتورا پایه ماکروفیلا(آلیمو، Alemow) گونه ماکروفیلا دورگ بین Citrus celebica * Citrus grandis بوده و بومی فیلیپین است. این گونه به نام Citrus macrophylla Wester نامگذاری شده و از لحاظ ظاهری خیلی شبیه به لیموها و لایم است. ارقام پیوندی روی ماکروفیلا ، درختانی بزرگ، پررشد و پرمحصول، اما کیفیتی پایین دارند. گونه ماکروفیلا ضمن آنکه عناصر بر، کلر و کلسیم خاک را به خوبی تحمل می&zwnj;کند در برابر در برابر فیتوفترا مقاوم است اما نسبت به تریستزا و زایلوپروسیس مقاوم نیست. پایه رانگپورلایم پایه رانگپورلایم جز دورگ&zwnj;های نارنگی است و به نام Citrus limonia Osbeck شناخته شده است. ![](http://azarinsms.com/storage/app/media/citrus-limonia-osbeck_1.jpg) این دورگ از گروه لایم&zwnj;های ترش بوده و از حیث ساختار رشد و تولید میوه به لیموها شبیه است. مزایای پایه رانگپورلایم مقاوم به شوری خاک و آهک تاحدودی مقاوم به سرما مقاوم به تریستزا و خشکی معایب پایه رانگپورلایم حساس به بیماری اگزوکورتیس، فیتوفترا و نماتد مرکبات پایه نارنگی کلئوپاترا یکی از پایه&zwnj;های مناسب مرکبات، نارنگی کلئوپاترا یا Citrus reshni Hort. Ex. Tan بوده که بعضی از گیاهشناسان هنوز آن را C. reticulate&nbsp; می&zwnj;شناسند. ![](http://azarinsms.com/storage/app/media/cleopatramandarincrc3844009_000.jpg) مزایای پایه نارنگی کلئوپاترا مقاوم در برابر بیماری تریستزا، اگزوکورتیس، زایلوپروسیس، شوری، سرما، خاک&zwnj;های شنی و خاک&zwnj;های آهکی معایب پایه نارنگی کلئوپاترا حساس به کلراید( چون یون کلراید تولید اتیلن را تحریک می&zwnj;کند رشد شاخه&zwnj;ها کاهش یافته و در غلظت&zwnj;های بالاتر کلروز برگی و در نهایت ریزش برگ&zwnj; را در پی دارد) فتوحی قزوینی. ر. و فتاحی مقدم.ج.(1395). پرورش مرکبات در ایران، دانشگاه گیلان.</p>', 1, 1, 1, 1, 2, '2020-09-13 09:01:55', '2020-09-13 09:02:03'),
(2, '<p>پایه نارنج نارنج(C. aurantium L.) رایجترین پایه مرکبات در مناطق مرکبات&zwnj;خیز دنیا است. حساسیت این پایه به بیماری تریستزا باعث شده که از این پایه در کشورهای استرالیا، آرژانتین، برزیل، کالیفرنیا، اسپانیا، آمریکا و آفریقای جنوبی محدود شود. مزایای پایه نازنج ارقام روی این پایه دارای قدرت رشدی متوسط، تاج بزرگ، سیستم ریشه وسیع و عمیق، مقاومت در برابر سرما و نسبتا به خشکی نیز مقاوم است. متحمل به خاک&zwnj;های سنگین با زهکشی ضعیف متحمل به بیماری فیتوفترا عادت پذیری خوبی در برابر ph و شوری بالا بالا بودن میزان TSS وTA معایب پایه نارنج حساس به بیماری نماتد مرکبات و بلایت اندازه میوه روی این پایه نسبت به رافلمون کوچکتر ف اما نسبت به کلئوپاترا بزرگنر است. پایه نارنج سه برگ نارنج سه برگ(Poncirus trifoliate Raf.) تنها گونه خزان کننده مرکبات بودهو به عنوان پایه برای نارنگی ساتسوما وپرتقال در کشورهای ژاپن، چین، آرژانتین،استرالیا و ایران استفاده می&zwnj;شود. ![](http://azarinsms.com/storage/app/media/unnamed-file-1.jpg) این پایه به عنوان پایه پاکوتاه مورد استفاده قرار میگرفته است. برخی از نژادهای اگزوکورتیس بر پاکوتاهی این پایه افزوده است. ارقام پیوندی روی پونسیروس قدرت رشد کمتری نسبت به پایه&zwnj;های نوع لیمو داشته و میزان محصول نیز کمتر از هنگامی است که از پایه رافلمون رانگپورلایم و نارنج استفاده شود. مزایای نارنج سه برگ مقاوم به تریستزا، زایلوپروسیس، نماتد مرکبات مقاوم به پوسیدگی طوقه، خاک&zwnj;های سنگین با زهکشی ضعیف معایب نارنج سه برگ حساس به بلایت مرکبات نارنج سه برگ دارای سیستم ریشه سطحی و در خاک&zwnj;های شنی خیلی خیلی زود دچار تنش خشکی می&zwnj;شود عدم رشد مطلوب در خاک&zwnj;های شور، خاک&zwnj;هایی با PHبالا و آهکی کاهش رشد و مقاومت در برابر سرما حساس به کلراید پایه فلائینگ دراگون فلائینگ دراگون رقمی از پایه نارنج سه برگ بوده و به عنوان یکی از پایه&zwnj;های پاکوتاه کننده و ایجاد کشت&zwnj;های متراکم در مرکبات مورد استفاده قرار می&zwnj;گیرد. اندازه میوه روی این پایه به نوع خاک بستگی دارد. مزایای پایه فلائینگ دراگون مقاومت در برابر گموز، تریستزا، زایلوپروسیس و نماتد کیفت آب میوه بر روی این پایه به نسبت دیگر پایه&zwnj;ها بسیار عالی است. معایب پایه فلائینگ دراگون حساس به بلایت پایه سیترنج&zwnj;ها سیترنج&zwnj;ها شامل گروهی از دورگ&zwnj;های پرتقال و پونسیروس تریفولیانا است که به عنوان پایه مورد استفاده قرار می&zwnj;گیرد. ![](http://azarinsms.com/storage/app/media/unnamed-file-2.jpg) از بین سیترنج&zwnj;ها، ارقام ترویر، کاریزا، راسک، مورتون، ساویچ و بنتون دارای برخی مشخصات خوب باغبانی هستند. درختان پیوندی روی ترویر و کاریزا مشابه پونسیروس دچار کمبود روی و منگنز می&zwnj;شوند ولی در هرحال کیفیت میوه در سطح مطلوب حفظ می&zwnj;شود. مورتون دورگ دیگر سیترنج&zwnj;ها بوده که استفاده از آن می&zwnj;تواند موجب پرباری و کیفیت بالای آب میوه در رقم پیوندی شده و نسبت به سرما، بیماری تریستزا، فیتوفترا مقاومت نشان می&zwnj;دهد. درصد چند جنینی تقریبا در تمام دورگ&zwnj;های ده&zwnj;گانه سیترنج بالاست. مزایای پایه سیترنج مقاومت در برابر بیماری تریستزا، نماتد مرکبات، فیتوفترا مقاوم در برابر سرما توانایی رشد بر روی خاک&zwnj;های مختلف معایب پایه سیترنج توقف رشد با حمله ویروئید اگزوکورتیس پایه سیتروملو سوئینگل سیتروملو دورگ گریپ فروت و نارنج سه برگ است. ![](http://azarinsms.com/storage/app/media/unnamed-file-3.jpg) ارقام پیوندی روی ارقام پایه سیتروملو همچون نارنج به سرما مقاوم بوده و مقاومتر از انواع رافلمون یا کاریزو سیترنج هستند. سیتروملو به تریستزا، اگزوکورتیس و زایلوپروسیس متحمل ولی نسبت به پوسیدگی طوقه و بلایت دارای قدرت تحمل متوسط تا خوب هستند. در خاک&zwnj;های شنی ریشه&zwnj;های فراوانی تولید نمی&zwnj;کند بلکه سیستم ریشه متراکم دارد. در خاک&zwnj;های رسی آهکی درختان کلروز شدیدی را روی ستروملو نشان می&zwnj;دهند. میزان تحمل سیتروملو نسبت به شوری و خشکی متوسط است. در اراضی رسی یا شور به خوبی نارنج عمل نمی&zwnj;کنند و برخلاف کاریزوسیترنج به نماتد متحمل نیست. پایه یوزو ![](http://azarinsms.com/storage/app/media/citrus-junos-600x600.jpg) گونه یوزویا C.jounos Sieb. پایه&zwnj;ای است که غالبا در ژاپن برای پیوند اتصالی درختان ساتسومای در حال زوال روی نارنج سه برگ است. این گونه به سرما، تریستزا و فیتوفترا مقاوم است. درختان جوان روی این پایه کارایی زیادی نداشته اما به دلیل جذب کافی آهن و منگنز، این پایه در خاک&zwnj;های آهکی مطلوب به نظر می&zwnj;رسد. پایه پرتقال علت استفاده از پایه پرتقال در گذشته بدلیل تشکیل میوه مورد رضایتبخش و قابل پسند است. ![](http://azarinsms.com/storage/app/media/unnamed-file-4.jpg) این پایه به بیماری بلایت و تریستزا مقاومت نسبی دارد. همچنین امکان رشد مچدد از ناحیه ریشه پس از آسیب شدید یخبندان، از ویژگی&zwnj;های این پایه است. کیفیت میوه پرتقال والنسیا روی ای پایه مشابه پایه&zwnj;های کلئوپاترا، نارنج و گریپ فروت است. استفاده از پایه پرتقال به لحاظ حساسیت به خشکی و پوسیدگی ریشه محدود شده است مگر آن که امکان بهره&zwnj;گیری از آبیاری قطره&zwnj;ای و یا قارچ&zwnj;کش&zwnj;های سیستمیک فراهم باشد. فتوحی قزوینی. ر. و فتاحی مقدم.ج.(1395). پرورش مرکبات در ایران، دانشگاه گیلان.</p>', 2, 1, 2, 1, 2, '2020-09-13 09:03:05', '2020-09-13 09:03:05'),
(3, '<p>سوسک حنایی خرما (نام علمی: Rhynchophorus ferrugineus)، یک گونه از سوسک&zwnj;های خرطوم&zwnj;دار که با عنوان سرخرطومی آسیایی یا شپشه نخل ساگو نیز شناخته شده&zwnj;است. سوسک&zwnj;های بالغ نسبتاً بزرگ هستند و طول بدن این حشرات حدود دو تا پنج سانتی&zwnj;متر می&zwnj;باشد و معمولاً یک رنگ هستند، اما بسیاری از آن&zwnj;ها رنگ قرمز آجری دارند و اغلب به عنوان گونه&zwnj;های مختلف (به عنوان مثال، Rhynchophorus vulneratus، که هنوز هم مورد اختلاف) ثبت شده&zwnj;اند. لارو سوسک حنایی می&zwnj;تواند سوراخ&zwnj;هایی به طول یک متر در تنه درخت خرما ایجاد کند در نتیجه تضعیف و در نهایت به مرگ میزبان بینجامد. این حشره، آفت مهم در نخلستان&zwnj;ها، از جمله نخل نارگیل، خرما و درخت پالم می&zwnj;باشد. با توجه به تولید نسل زیاد این حشره (در شرایط بهینه تا ۱۸ نسل)، میزان خسارت&zwnj;زایی آن در نخیلات بسیار زیاد است.</p>\n<p>&nbsp;</p>\n<p>این حشره در اصل بومی مناطق استوایی آسیا می&zwnj;باشد که به آفریقا و اروپا گسترش یافته&zwnj;است و در سال ۱۹۸۰ در سواحل دریای مدیترانه مشاهده شد و در سال ۱۹۹۴ برای اولین بار در اسپانیا ثبت شده و در فرانسه در سال ۲۰۰۶. همچنین این حشره در ایتالیا، مراکش، تونس، و دیگر کشورهای آفریقایی شمالی جزو آفات مهم قرار دارد. سوسک حنایی خرما برای اولین بار در آمریکا در کوراسائو در ژانویه ۲۰۰۹ گزارش شد و در سال ۱۳۶۸ به دلیل عدم رعایت اصول و قوانین قرنطینه&zwnj;ای وارد ایران شد و برای اولین بار در سال ۱۳۶۹ در شهرستان سراوان خسارت آن بر روی درختان خرما گزارش شد.</p>\n<p>&nbsp;</p>\n<p>این حشره وارد تنهٔ درخت خرما می&zwnj;شود( پاجوش&zwnj;ها ) و تونل&zwnj;هایی را در داخل تنه درخت خرما ایجاد می&zwnj;کند و بعد از بلوغ شروع به تخم&zwnj;گذاری می&zwnj;کند و قادر است تا بیش از ۲۰۰تا ۳۰۰ تخم بگذارد و به سرعت تکثیر شود. تخمگذاری ماده&zwnj;ها غالباً در تاج نخل، در محل اتصال برگ&zwnj;های جوان به ساقه یا در قسمت&zwnj;های زخمی تنه انجام می&zwnj;شود.</p>', 3, 1, 3, 1, 2, '2020-09-17 06:26:34', '2020-09-17 06:26:34'),
(4, '<p>بیماری موزائیک سیب بیماری موزائیک سیب، بیماری ویروسی تاکنون در بسیاری از کشورها مشاهده شده است. عامل این بیماری، ویروس موزائیک سیب (ApMV) است. نوعی ویروس دیگر در تولار امریکا از درختان سیب به نام ویروس موزائیک تولاری سیب(TAMV) جدا شده است. نشانه&zwnj;های بیماری موزائیک سیب بارزترین نشانه&zwnj;های بیماری در بهار روی برگهای در حال رشد و نمو درختان آلوده سیب دیده می&zwnj;شود ویروس موزائیک سیب، نژادهای مختلف دارد. و برحسب نزاد ویروس و رقم میزبان عایم بیماری بسیار فرق دارد. نژادهای ضعیف ویروس روی برگ&zwnj;هایی که در شرایط گرم، رشد و نمو می&zwnj;کنند، معمولا نشانه&zwnj;&zwnj;ای به وجود نمی&zwnj;آورند. رنگ پریدگی و موزائیک ضعیف در برگ سیب، معمولی ترین نشانه&zwnj;های این بیماری است. به طور کلی بر حسب نژاد ویروس حساسیت میزبان نشانه&zwnj;های متفاوت زیر در برگ ممکن است دیده شود: لکه&zwnj;های کوچک سفید تا زرد کم&zwnj;رنگ که در سطح برگ پراکنده&zwnj;اند. این نوع نشانه ممکن است با خسارت سنک سیب اشتباه شود لکه&zwnj;های بزرگ سفید متمایل به زرد کم&zwnj;رنگ که غالبا منجر به بافت مردگی می&zwnj;شوند زرد شدن رگبرگها و تشکیل شبکه&zwnj;ای از رگبرگهای زرد پیدایش علایم نقش حلقوی به وسیله نژادهای پرآزار ویروس مبارزه با بیماری موزائیک سیب درختان بیمار قابل معالجه نیستند. هرچند بیماری با ناقل&zwnj;ها و یا از راه مکانیکی منتقل نمی&zwnj;شود با وجود این، کندن و انهدام درختهای بیمار توصیه می&zwnj;گردد. برای جلوگیری از پیدایش بیماری در باغ، انتخاب و استفاده از نهال&zwnj;های پیوندی سالم یک ضرورت است. تولیدکنندگان نهال باید به وسایل علمی برای آزمون درختانی که از آنها پیوندک می&zwnj;گیرند و یا پایه&zwnj;های مورد استفاده مجهز باشند. سبزردی (کلروز) بر اثر آهن در ایران سبزردی آهن که به کمبود آهن یا کلروز آهن هم معروف است در بسیاری ار باغهای سیب (گلابی و به) که خاک قلیایی و حاوی مقادیر زیادی کربنات کلسیم است، شیوع دارد. سبزردی آهن در استانهای اصفهان، قزوین و منطقه کرج به شدت شیوع دارد و خسارت زیادی وارد می&zwnj;کند. ![](http://azarinsms.com/storage/app/media/%20.jpg) نشانه&zwnj;های سبزردی آهن بارزترین نشانه سبزردی آهن، رنگ پریدگی و زردی برگهاست، بدین ترتیب که بخشهایی از پهنک برگ در بین رگبرگها زرد می&zwnj;شوند، ولی رگبرگها تا مدنی همچنان سبز باقی می&zwnj;مانند. در مراحل بعدی رگبرگ&zwnj;ها هم زرد و سرانجام بافت مردگی در حاشیه برگ&zwnj;ها پیدا می&zwnj;شود. برگهای زرد شده کوچک&zwnj;تر و نازک&zwnj;تر از برگهای سالم هستند. چون تقریبا ۸۰ درصد آهن موجود در گیاه در کلروپلاست&zwnj;ها متمرکز است و کلرو پلاست&zwnj;ها در برگهای جوان کمتر وجود دارند لذا نشانه&zwnj;های سبزردی آهن نخست و بیشتر در برگهای جوان مستقر در انتهای سرشاخه&zwnj;ها ظاهر می&zwnj;شوند. در موارد خیلی شدید، تعداد زیادی از برگهای روی سرشاخه&zwnj;ها و حتی خود سرشاخه&zwnj;ها بافت مرده، قهوه&zwnj;ای و خشک می&zwnj;شوند. عامل سبزردی آهن سبزردی آهن بر اثر کمی جذب آهن در گیاه بروز می&zwnj;کند. کنترل سبزردی آهن برای کنترل و معالجه سبزردی اهن می&zwnj;توان از ترکیبات کلاتی آهن استفاده کرد.سکوئسترین آهن ۱۳۸ گرانول، بهترین نتیجه را در خاکهای ایران داده است. افزودن مواد آلی به خاک می&zwnj;تواند از بروز سبزردی جلوگیری کند.افزایش ۲۰ تا ۳۰ تن کود دامی به خاک در هکتار به خوبی کمبود اهن را برطرف می&zwnj;کند افزایش مواد آلی به خاک به راه های مختلف باعث فزونی قابلیت جذب آهن خاک می&zwnj;شود. افزایش اسید از جمله اسید سولفوریک به طور موضعی به خاک باعث خنثی شدن اهک خاک می&zwnj;شود. بررسیهای انجام شده نشان می&zwnj;دهد که اگر آهک کمی از حجم محدوده ریشه&nbsp; درختان را با اسید خنثی و پی. اچ آن به زیر عدد ۷ برسد، نیاز درخت به آهن به خوبی تامین می&zwnj;شود. منبع: اشکان، محمد(1390)، بیماری&zwnj;های مهم درختان میوه در ایران.</p>', 4, 1, 4, 1, 2, '2020-09-17 06:28:56', '2020-09-17 06:28:56'),
(5, '<p>بیماری چوب لاستیکی سیب بیماری چوب لاستیکی سیب در بسیاری از کشورهای میوه&zwnj;&zwnj;خیز اروپایی، امریکای شمالی، استرالیا و ... شیوع دارد. نشانه&zwnj;های این بیماری نیز در سال ۱۳۵۷ روی درختان سیب رقم زرد لبنانی در طالقان&nbsp; و در خرداد سال ۱۳۶۰ در دماوند مشاهده شد. چوب لاستیکی به درختان سیب حمله می&zwnj;کند و به شکل آلودگی نهفته در گلابی دیده می&zwnj;شود. در نهالهای بذری درخت به، بافت مردگی پوست، شبیه شانکر ایجاد می&zwnj;کند. ![](http://azarinsms.com/storage/app/media/2-2.jpg) نشانه&zwnj;های بیماری چوب لاستیکی سیب از نشانه&zwnj;های این بیماری خمش پذیری و لاستیکی شدن شاخه&zwnj;های ۱ تا ۳ ساله درختان مبتلاست، زیرا در آنها لیگنین به قدر کافی تشکیل نمی&zwnj;شود. این پدیده موجب می&zwnj;شود که شاخه&zwnj;های جوان درختان بیمار، مخصوصا در ارقامم حساس به سمت زمین خم و آویزان شوندو درخت حالت خوابیدگی و مجنونی پیدا کند. همچنین درختان بیمار دچار کم رشدی شده و شاخه&zwnj;هایی از بن تنه آنها رویش می&zwnj;کنند. سیب رقم لورد لمبورن نسبت به همه جدایه&zwnj;های عامل این بیماری بسیار حساس است و به عنوان گیاه معرف برای این بیماری به کار می&zwnj;رود. کنترل بیماری چوب لاستیکی سیب برای جلوگیری از پیدایش بیماری باید از پایه&zwnj;ها، نهال&zwnj;ها و پیوندکهای سالم، عاری از بیماری و تایید شده استفاده شود. عامل چوب لاستیکی سیب را می&zwnj;توان در گیاهان آلوده با&nbsp; گرما درمانی در ۳۷ درجه سانتیگراد به مدت سه هفته منهدم کرد. پیچیدگی و تورم شاخه سیب بیماری پیچیدگی و تورم شاخه&zwnj; سیب، Twisted Limb,Flat Limb یا Crinkle- Wood نامیده می&zwnj;شود. پیچیدگی و تورم شاخه&zwnj;های سیب اولین بار روی سیب گراون اشتاین گزارش شده است و امروزه در بیشتر کشورهای اروپایی شیوع و بیشترین خسارت را به رقم ذکر شده سیب وارد می&zwnj;سازد. ![](http://azarinsms.com/storage/app/media/3-3.jpg) نشانه&zwnj;های بیماری پیچیدگی و تورم شاخه سیب تشخیص بیماری در مراحل اولیه مشکل بوده، معمولا جلب توجه نمی&zwnj;کند. علایم بیماری روی شاخه&zwnj;های ۵ تا ۱۰ ساله درخت&zwnj;های سیب در مراحل پیشرفته کاملا واضح است. فرورفتگی&zwnj;های طویل در جهت طول شاخه آلوده اولین نشانه&zwnj;های خارجی بیماری اند. به تدریج این فرورفتگی&zwnj;ها عمیق&zwnj;تر شده و شاخه&zwnj;های قطور پیچ و تاب بر می&zwnj;دارند. بعضی از قسمت&zwnj;های شاخه، تحدب خود را از دست داده، تقریبا تخت می&zwnj;شوند، روی شاخه&zwnj;های ۴ تا ۵ ساله تورم&zwnj;هایی به وجود آمده، حالت گره و شکم در انها تشکیل می&zwnj;شود. در پوست و چوب قسمت&zwnj;های فرورفته بافت&zwnj;مردگی دیده می&zwnj;شود. مبارزه با بیماری پیچیدگی و تورم شاخه سیب درختان مبتلا به این ویروس را نمی&zwnj;توان مداوا کرد. چون بیماری به وسیله پیوندک حاصل از درختهای بیمار منتقل می&zwnj;شود، لذا انتخاب پیوندک سالم برای تهیه نهال&zwnj;های پیوندی ضروری است. دقت&nbsp; در انتخاب نهالهای پیوندی عاری از بیماری از مهمترین راه&zwnj;های جلوگیری از پیدایش بیماری&nbsp; در باغ به شمار می&zwnj;رود. منبع: اشکان، محمد(1390)، بیماری&zwnj;های مهم درختان میوه در ایران.</p>', 5, 1, 5, 1, 2, '2020-09-17 06:29:56', '2020-09-17 06:30:12'),
(6, '<p>سرطان طوقه و ریشه این بیماری به گیاهان علفی و چوبی بیش از 93 تیره گیاهان از جمله گونه&zwnj;های جنس Malus&nbsp; و pyryus حمله می&zwnj;کند. بیماری سرطان طوقه و ریشه که گال طوقه و ریشه هم نامیده می&zwnj;شود در خزانه&zwnj;ها، نهالستانها و باغ&zwnj;های میوه سراسر جهان شیوع دارد. نشانه&zwnj;های بیماری سرطان طوقه و ریشه بارزترین نشانه این بیماری تشکیل گال روی یقه، ریشه و گاهی تنه نهالها و درختان است. گالها بر اثر ازدیاد و بزرگ شدن بیش از اندازه سلولها به وجود می&zwnj;ایند و از نظر تشریحی، برجستگی&zwnj;هایی تقریبا کروی هستند که از بافتهای نامنظم آوندی و پارانشیمی تشکیل شده، بسته به مقدار بافت&zwnj;های آوندی، از نرم و اسفنجی تا سفت تغیییر می&zwnj;کنند. تشخیص گالهای ریز و نرم روی ریشه نهال&zwnj;ها به دقت و تجربه نیاز دارد، زیرا آنها بسیار شبیه پینه&zwnj;هایی هستند که روی پایه&zwnj;های ازدیادی بذری و هم گروهی در محل خروج ریشه&zwnj;های فرعی ایجاد می&zwnj;شوند. عامل بیماری سرطان طوقه و ریشه عامل بیماری سرطان طوقه و ریشه در درختان سیب و گلابی( و نیز میوه&zwnj;های هسته دار) Agrobacterium tumefaciens نام دارد که به تیره Rhizobiaceae تعلق دارد. این بیماری در خاک و بافت&zwnj;های پیرامون گال&zwnj;های فعال زمستان گذرانی می&zwnj;کند. باکتری از راه زخم وارد میزبان می&zwnj;شود. ![](http://azarinsms.com/storage/app/media/2.jpg) مبارزه با بیماری سرطان طوقه و ریشه درختان سیب درختان و نهال&zwnj;های مبتلا به بیماری را نمی&zwnj;توان معالجه کرد یا بیماری آنها را تخفیف داد، لذا باید اقدامات لازم برای جلوگیری از پیدایش بیماری اعمال گردد. انتخاب نهال سالم و احداث باغ در زمینهای عاری از عامل بیماری از جمله این اقدامات به شمار می&zwnj;روند. حذف و انهدام پایه&zwnj;ها و نهال&zwnj;های آلوده و نشانه&zwnj;دار بلافاصله بعد از کندن آنها از خزانه و نهالستان، انتخاب پایه&zwnj;هایی با حساسیت کم نسبت به بیماری و تدارک عملیاتی که کمتر موجب زخم شود، از اقدامات بهداشتی و به زراعی هستند که عملی و مفیدند. از زمینهایی که در ۴تا ۵ سال گذشته زیر کشت گیاهان مبتلا به گال بوده&zwnj;اند نباید برای نهالستان یا احداث باغ استفاده شود. فروبردن ریشه&zwnj;ها و طوقه پایه&zwnj;ها و نهالهای سیب و گلابی قبل از کاشت در محلول هیدروکلروراکسی تتراسیکلین( به شرطی که غلظت محلول به اندازه&zwnj;ای باشد که سوختگی ایجاد نکند) نتایج خوبی در کنترل بیماری دارد. ![](http://azarinsms.com/storage/app/media/2-1.jpg) بیماری جاروک سیب جاروک، مهمترین بیماری فیتوپلاسمی سیب در اروپاست و موجب تضعیف درختان بیمار و کاهش میوه آنها تا ۸۰ درصد می&zwnj;شود. نشانه&zwnj;های بیماری جاروک سیب علایم جاروک سیب روی شاخساره، برگ، میوه و حتی ریشه درختان بیمار ظاهر می&zwnj;شوند. بارزترین علامت بیماری تشکیل جارو در بعضی یا تمام قسمتهای تاج درخت است، بدین ترتیب که بر اثر توقف چیرگی انتهایی سرشاخه، تشکیل تعدادی شاخچه&zwnj;های باریک و مجتمع با زاویه حاده می&zwnj;دهندکه حالت جارویی دارند. گوشوارکهای برگهای شاخچه&zwnj;های جارویی بسیار بزرگ و دندانه&zwnj;دار و خود برگ&zwnj;ها کوچک&zwnj;تر از برگهای سالم می&zwnj;شوند. رنگ برگ&zwnj;های درختان بیمار در پاییز به جای زرد، به قرمز متمایل می&zwnj;شود، اندازه میوه&zwnj;های درختان بیمار نسبت به میوه&zwnj;های درختان سالم کوچکتر، ولی دم آنها درازتر، حفره&zwnj;های دمگاه و گلگاه این میوه&zwnj;ها&nbsp; کوچکتر و کم عمق تر می&zwnj;شوند. همچنین ریشه&zwnj;های درختان بیمار کم رشد می&zwnj;شوند و به شکل توده مجتمعی از موی ریشه&zwnj;های کوتاه در می&zwnj;آیند. نشانه&zwnj;های بیماری مستدام نیستند، یعنی جاروها و کوچکی میوه&zwnj;ها چند سالی بعد از تظاهر محو می&zwnj;شوند، ولی قرمز شدن برگها در پاییز و تغییر شکل دمبرگها چند سال بیشتر دوام دارند.\\ ![](http://azarinsms.com/storage/app/media/3-1.jpg)&nbsp; چرخه بیماری جاروک سیب عامل بیماری جاروک سیب با پیوندک و حشرات، مخصوصا زنجرکها منتقل می&zwnj;شود، ولی با بذر انتقال پیدا نمی&zwnj;کند. دوره کمون بیماری بسته به سن درختهای بیمار تغییر می&zwnj;کند، این مدت در نهالها یک سال و درختهای جوان، ۲ سال یا بیشتر است. مبارزه با بیماری جاروک سیب برای احداث باغهای جدید باید از نهال&zwnj;ها یا پیوندکهای سالم و عاری از بیماری استفاده کرد. در باغهاب احداث شده درختان آلوده را باید منهدم کرد. مبارزه با حشرات ناقل در کاهش انتقال و انتشار بیماری موثر است. اگر به تنه درختهای بیمار اکسی تتراسیکلین به روش تحت فشار تزریق شود، نشانه&zwnj;هایبیماری فروکش کرده،درختان بیمار بهبود می&zwnj;یابند. این تیمار معمولا پس از برداشت محصول تا خزان برگ&zwnj;ها اعمال می&zwnj;شود. منبع: اشکان، محمد(1390)، بیماری&zwnj;های مهم درختان میوه در ایران.</p>', 6, 1, 6, 1, 2, '2020-09-17 06:31:15', '2020-09-17 06:31:15'),
(7, '<p>سوختگی آتشی یکی از بیماریهای بسیار خطرناک باکتریای است که نخستین بار در نیویورک گزارش شد، سپس در اروپا و بسیاری از کشورهای میوه&zwnj;خیز شیوع پیدا کرد. این بیماری به سیب، گلابی، به&nbsp; و دیگر گیاهان تیره وردسانان (گلسرخیان) حمله می&zwnj;کند. در ایران این بیماری نخستین بار در سال ۱۳۶۸ روی گلابی منطقه برغان کرج مشاهده و در سال ۱۳۷۰ به وسیله ذاکری و شریف نبی در کنگره دهم گیاه پزشکی ایران گزارش شد. وجود این بیماری روی درختان سیب، گلابی، به، زالزالک و گلسرخ به اثبات رسیده است. نشانه&zwnj;های بیماری سوختگی آتشی سیب سوختگی آتشی بیانگر نشانه مهم و بارز این بیماری است، یعنی قسمتهای عفونی درختان چنان است که گویی در آتش سوخته&zwnj;اند. در شکوفه&zwnj;ها، میوه&zwnj;ها برگها و قسمتهای چوبی درختان عفونی، بافت مردگی(نکروز) بروز می&zwnj;کند. از نشانه&zwnj;های بارز و اختصاصی این بیماری ترشح قطره&zwnj;های شیرابه از اندامهای عفونی است، ترشح شیرابه معمولا در آب و هوای مرطوب دیده می&zwnj;شود. شکوفه&zwnj;&zwnj;های آلوده در مراحل اولیه عفونت، آبگز می&zwnj;شوند. بیشتر اوقات، نخستین نشانه&zwnj;ها در سطح خارجی نهنج و دمگل بروز می&zwnj;کنند. به تدریج بیماری پیشرفت می&zwnj;کند، ابتدا کاسبرگها و سپس همه اجزای شکوفه، قهوه&zwnj;ای یا سیاه می&zwnj;شوند. شکوفه&zwnj;های خشکیده و سیاه شده همواره به پایک خود چسبیده، تا زمستان روی درخت باقی می&zwnj;مانند. برگهایی که به طور سیستماتیک از راه شاخه&zwnj;های حامل خود عفونی می&zwnj;شوند، در سیب قهوه&zwnj;ای و در گلابی سیاه می&zwnj;شوند و چسبیده به شاخه&zwnj;های خود، حتی در زمستان باقی می&zwnj;مانند. در هوای مرطوب، انتهای نرم و آبدار سرشاخه&zwnj;هایی که مورد حمله بیماری قرار می&zwnj;گیرند، قوس پیدا کرده، سرعصایی می&zwnj;شوند. میوه&zwnj;های جوانی که آلوده می&zwnj;شوند، کوچک باقی مانده، چروکیده، چرمی و سیاه می&zwnj;شوند و چسبیده و به دم خود و پایک دسته گلها باقی می&zwnj;مانند. در هوای مرطوب ممکن است روی میوه&zwnj;های آلوده، قطره&zwnj;های شیرابه، فراوان ترشح شوند که در آغاز شیرمانندند، ولی بعدا قهوه&zwnj;ای و پس از خشکیدن، براق می&zwnj;شوند. روی شاخه&zwnj;ها و شاخه&zwnj;های درجه یک آلوده شانکر ایجاد می&zwnj;شود، بدین گونه که پوست شاخه&zwnj;ها فرو رفته، رنگ آنها تیره&zwnj;تر می&zwnj;گردد. اگر لایه خارجی پوست شاخه&zwnj;ها در محل شانکرهای تازه و فعال با چاقو بریده و برداشته شود، رگه&zwnj;هایی متمایل به قرمز در آنها دیده می&zwnj;شود که وجه تمایز این بیماری با آسیب سرما و دمای پایین است. بعد از این مرحله، بافتهای آلوده شاخه، قهوه&zwnj;ای می&zwnj;شوند. موقعی ک رشد درخت کند شود، حاشیه بخشهای آلوده فرورفتگی پیدا کرده و گاهی ترم بر می&zwnj;دارد. ![](http://azarinsms.com/storage/app/media/%20%D8%A2%D8%AA%D8%B4%DB%8C.jpg) علمل بیماری سوختگی آتشی باکتری عامل بیماری، Erwinia amylovora نام دارد که به تیره Enterobacteriaceae تعلق دارد. مبارزه با بیماری سوختگی آتشی اعمال دقیق مقررات قرنطینه&zwnj;ای برای جلوگیری از پیدایش بیماری در مناطقی که هنوز سوختگی آتشی وجود ندارد، ریشه&zwnj;کنی و سوزاندن درختان آلوده در کانونهای بیماری در نواحی&zwnj;ای که به تازگی این بیماری به آنجا واردشده است، هرس شدید درختان بیمار و سمپاشی درختان هرس شده با استفاده از قارچ&zwnj;کش&zwnj;های مسی و بهره&zwnj;گیری از ارقام مقاوم یا متحمل به هنگام احداث باغهای جدید در مناطقی که بیماری شیوع دارد از جمله اقدامهایی هستند که برای گنترل بیماری توصیه می&zwnj;شود. به طور خلاصه: اعمال مقررات قرنطینه&zwnj;ای در مناطقی که سوختگی آتشی بومی شده باشد باید کوشش شود تا سطح مایه اولیه کاهش یابد. در این خصوص حذف شانکرها در خلال فصل زمستان توصیه می&zwnj;شود. بازرسی هفتگی باغ در بهار و تابستان و حذف سیخکها و اندامهای عفونی به کاهش خسارت بیماری کمک می&zwnj;کنند و از مایه ثانوی بیمارگر می&zwnj;کاهند. قسمتهای عفونی و شانکرهای فعال را باید تا ۲۰ سانتیمتر پایین تر ازحد عفونتهای مشهود بریده، آنها را جمع آوری و سوزاند. ابزار هرس را باید بین هر برش ضدعفونی کرد . سمپاشی به موقع درخت&zwnj;ها با باکتری کشهای مناسب در خلال دوره گل در کنترل سوختگی شکوفه&zwnj;ها بسیار موثر است. در مناطقی که بیماری شیوع دارد، به هنگام احداث باغهای جدید باید از پایه های مقاوم یا متحمل استفاده شود. ارقام دلیشز، گلدن دلیشز و مکینتاش متحمل هستند. توصیه می&zwnj;شود در باغهای آلوده ، کندوی عسل نگهداری نشود. منبع: اشکان، محمد(1390)، بیماری&zwnj;های مهم درختان میوه در ایران.</p>', 7, 1, 7, 1, 2, '2020-09-17 06:32:25', '2020-09-17 06:32:25'),
(8, '<p><strong>پوسیدگی آلترناریایی&nbsp;</strong></p>\n<p>میوه&zwnj;های سیب و گلابی به بیماری پوسیدگی آلترناریایی مبتلا می&zwnj;شوند. این بیماری در ژاپن و کره به گلابی خسارت زیاد وارد می&zwnj;سازد. کم و بیش در همه کشورهایی که سیب و گلابی کشت می&zwnj;شوند، پوسیدگی آلترناریایی شایع است.</p>\n<p>&nbsp;</p>\n<p><strong>&nbsp;نشانه&zwnj;های بیماری پوسیدگی آلترناریایی سیب</strong></p>\n<p>در بیشتر موارد روی میوه&zwnj;های سیب مبتلا به این بیماری، لکه گرد، قهوه&zwnj;ای تا سیاه رنگ، خشک سفت و کم عمق معمولا اطراف محل پارگی و صدمه دیده پوست یا در محل گودیهای گلگاه و دمگاه میوه تشکیل می&zwnj;شوند. گاهی در قسمت حفره مرکزی اطراف تخمدان میوه، کپک خاکستری متمایل به سیاه رشد می&zwnj;کند و موجب پیشرفت پوسیدگی درگوشت میوه می&zwnj;گردد. در میوه گلابی، پوسیدگی از محل قطع دم میوه شروع می&zwnj;شود.</p>\n<p>&nbsp;</p>\n<p><strong>&nbsp; عامل بیماری پوسیدگی آلترناریایی&nbsp;</strong></p>\n<p>بیمارگر پوسیدگیآلترناریایی سیب و گلابی&nbsp; Alternaria alternate است. نام دیگر این قارچ A.tenuis Nees است.&nbsp;</p>\n<p>&nbsp;</p>\n<p>چرخه بیماری پوسیدگی آلترناریایی قارچ A.Alternata&nbsp; ساپروفیت یا بیمارگر ضعیفی است که روی بافتهای مرده و ضعیف شده درختان زندگی می&zwnj;کند. این بیماری به میوه&zwnj;های سیب و گلابی قبل یا بعد از برداشت حمله می&zwnj;کند. این قارچ به میوه&zwnj;ها از راه بافت&zwnj;های ضعیف شده یا مصدوم بر اثر صدمه&zwnj;های مکانیکی یا مواد شیمیایی، پیری فیزیولوژیکی و آفتاب سوختگی حمله و عفونی می&zwnj;کند.&nbsp;</p>\n<p>&nbsp;</p>\n<p><strong>مبارزه با بیماری پوسیدگی آلترناریایی&nbsp;</strong></p>\n<p>میوه&zwnj;ها را باید در حین برداشت و بسته&zwnj;بندی به دقت جابه جا کرد تا از پیدایش زخم و کوفتگی در آنها جلوگیری نمود. جعبه&zwnj;های برداشت، حمل و نگهداری میوه را قبل از استفاده باید با آب کلردار یا بخار آب ضدعفونی کرد.&nbsp;</p>\n<p>&nbsp;</p>\n<p>چنانچه میوه&zwnj;ها بعد از برداشت به منظور کنترل دیگر بیماریهای انباری با قارچکشهای گروه بنزیمیدازول سمپاشی شوند، بروز بیماری پوسیدگی آلترناریایی شدت می&zwnj;گیرد. پوسیدگی ریزوپوسی این بیماری در بیشتر مناطق سیب&zwnj;خیز جهان شایع است. پوسیدگی ریزوپوسی معمولا به میوه&zwnj;های مصدوم، یخ زده یا زیاد رسیده که در خارج از سردخانه نگهداری می&zwnj;شوند حمله می&zwnj;کند.&nbsp;</p>\n<p>&nbsp;</p>\n<p><strong>نشانه&zwnj;های بیماری پوسیدگی ریزوپوسی</strong></p>\n<p>اولین نشانه بیماری ریزوپوسی به شکل لکه&zwnj;های قهوه&zwnj;ای رنگ نرم نمایان می&zwnj;شوند.این لکه&zwnj;ها در دمای ۲۵ درجه سانتیگراد به سرعت توسعه سافته، نرم، آبدار و تیره رنگ می&zwnj;شوند. چنانچه پوست میوه در محل این لکه&zwnj;ها پاره شود، شیرابه به خارج جریان پیدا می&zwnj;کند که بوی ترشی می&zwnj;دهد. روی لکه&zwnj;های پوسیده و لهیده،پوشش متراکم میسلیوم&zwnj;های قارچ به شکل کپک سفید به وجود آمده، اسپورانژهای قارچ روی آنها تشکیل می&zwnj;شوند.&nbsp;</p>\n<p>&nbsp;</p>\n<p><strong>عامل پوسیدگی ریزوپوسی&nbsp;</strong></p>\n<p>عامل پوسیدگی ریزوپوسی سیب و گلابی در ایران Rhizopus stolonifera گزارش شده که با&nbsp; R.nigrican Ehrenb. مترادف است.&nbsp;</p>\n<p>&nbsp;</p>\n<p><strong>مبارزه با پوسیدگی ریزوپوسی&nbsp;</strong></p>\n<p>انهدام مایه اولیه قارچ و سمپاشی درختان باغ قبل از برداشت محصول به منظور کنترل آفاتی که ممکن است میوه&zwnj;ها را سوراخ کنند، در کنترل بیماری موثرند. میوه&zwnj;ها را باید در مرحله بهینه رسیدگی برداشت و آنها را با دقت جابه جا کرد و در قارچکش&zwnj;های مخصوص غوطه&zwnj;ور نمود. قارچ عامل بیماری در دمای کمتر از ۵/۴ درجه سانتی&zwnj;گراد رشد نمی&zwnj;کند، لذا با انتقال سریع میوه&zwnj;ها پس از برداشت و نگهداری آنها در سردخانه می&zwnj;توان این بیماری را به طور رضایت بخش کنترل کرد.</p>\n<p>&nbsp;</p>\n<p><strong>پوسیدگی فیتوفتورایی میوه سیب&nbsp;</strong></p>\n<p>در کشورهای خارج این بیماری در باغهایی که بیماری پوسیدگی فیتوفتورایی طوقه، یقه و ریشه شایع است و به روش بارانی آبیاری می&zwnj;شوند به شدت شیوع دارد ومیوه&zwnj;های روی درخت به این بیماری مبتلا می&zwnj;شوند. در ایران پوسیدگی فیتوفتورایی روی سیب زرد و قرمز لبنانب نگهداری شده در انبار گزارش شده است.&nbsp;</p>\n<p>&nbsp;</p>\n<p><strong>نشانه&zwnj;های پوسیدگی فیتوفتورایی</strong></p>\n<p>نشانه&zwnj;های این بیماری ابتدا به صورت لکه&zwnj;های قهوه&zwnj;ای رنگ در سطح میوه ظاهر می&zwnj;شوند. پیشرفت پوسیدگی به داخل گوشت میوه خیلی نامنظم است، ولی به تدریج تمام قسمتهای میوه می&zwnj;پوسند. بین نسج سالم و عفونی میوه مرز مشخصی وجود ندارد و به راحتی نمی&zwnj;توان قسمت عفونی را از بخش سالم جدا کرد. هرچند نسج میوه اسفنجی می&zwnj;شود، ولی شکل ظاهری میوه محفوظ می&zwnj;ماند. در برش عرضی میوه آلوده دسته&zwnj;های آوندی به صورت نقاط قهوه&zwnj;ای رنگ دیده می&zwnj;شوند.&nbsp;</p>\n<p>&nbsp;</p>\n<p><strong>عامل پوسیدگی فیتوفتورایی</strong></p>\n<p>عامل این بیماری Phytophthora cactorum تشخیص داده شده است. این قارچ خاک زی است و انتقال آلودگی و مایه آن به انبار و سردخانه&zwnj;ها در ایران از طریق سیبهای ریخته و عفونی شده روی زمین است. در خارج ممکن است قارچ با قطرات باران روی میوه&zwnj;هایی که روی شاخه&zwnj;ها، نزدیک زمین قرار دارند منتقل شوند و عفونت ایجاد کنند. قارچ عامل این بیماری در سردخانه هم می&zwnj;تواند رشد کند.&nbsp;</p>\n<p>&nbsp;</p>\n<p><strong>کنترل بیماری پوسیدگی فیتوفتورایی&nbsp;</strong></p>\n<p>برای کنترل این بیماری توصیه می&zwnj;شود میوه&zwnj;هایی که روی زمین ریخته شده&zwnj;اند با میوه&zwnj;هایی که از روی درخت برداشت شده&zwnj;اند مخلوط نشوند. در خارج ، سمپاشی دیرهنگام درختان، قبل از برداشت محصول با قارچکشهای فولپت و دیکلوفلوآئید برای کنترل همزمان این بیماری و پوسیدگی خاکستری و غیره توصیه شده است.&nbsp;</p>\n<p>همچنین شست و شوی میوه&zwnj;ها پس از برداشت، در محلول متالاکسیل موجب ریشه کنی عفونت&zwnj;های اولیه و کنترل پوسیدگی ثانویه در سردخانه می&zwnj;شود.&nbsp;</p>\n<p>&nbsp;</p>\n<p>منبع: اشکان، محمد(1390)، بیماری&zwnj;های مهم درختان میوه در ایران.</p>', 8, 1, 8, 1, 2, '2020-09-17 06:34:24', '2020-09-17 06:34:24'),
(9, '<p>پوسیدگی کپک آبی پوسیدگی کپک آبی از جمله بیماری&zwnj;هایی است که پس از برداشت سیب به وجود می&zwnj;آید. کپک آبی که پوسیدگی نرم یا پوسیدگی مرطوب هم نامیده می&zwnj;شود، مهم&zwnj;ترین بیماری پس از برداشت سیب است. این بیماری در همه کشورها و مناطق سیب خیز جهان شیوع دارد و خسارت آن در کشورهایی که محصول سیب را در انبارهای سنتی یا سردخانه&zwnj;های معمولی و فاقد تجهیزات کنترل فضا نگهداری می&zwnj;کنند بیشتر است. این بیماری در ایران از مهمترین بیماری&zwnj;های انباری سیب به شمار می&zwnj;رود. نشانه&zwnj;های بیماری پوسیدگی کپک آبی اولین نشانه&zwnj;های بیماری به صورت لکه&zwnj;های نرم و آبدار در سطح میوه ظاهر می&zwnj;شوند. در شرایط مناسب در دمایی بین ۲۰ تا ۲۵ درجه سانتیگراد و بخش&zwnj;های پوسیده میوه به آسانی از بافت&zwnj;های سالم آن جدا می&zwnj;شوند. این بیماری به این دلیل کپک آبی نامیده می٬شود که در شرایط مرطوب در سطح میانی پوسیدگی با لبه شکافهای آن، لایه پفکی یا توده&zwnj;های برجسته&zwnj;ای به رنگ آبی یا مایل به آبی-سبز از اسپورهای قارچ تشکیل می&zwnj;شود. در جعبه&zwnj;ها یا کپه&zwnj;های سیب، قارچ عامل بیماری از میوه پوسیده به میوه&zwnj;های سالم سرایت می&zwnj;کند. ![](http://azarinsms.com/storage/app/media/323.jpg) عامل بیماری پوسیدگی کپک آبی سیب از میوه&zwnj;های دانه&zwnj;داری که به کپک آبی مبتلا بوده&zwnj;اند، حداقل ۱۱ گونه Penicillium جدا شده است، ولی P.expansum شایع&zwnj;ترین گونه&zwnj;ای است که از میوه&zwnj;های پوسیده جدا می&zwnj;شود و همان&zwnj;طور که قبلا نوشته شد در ایران هم گونه اخیر از سیب&zwnj;های مبتلا به کپک آبی جدا شده است. این قارچ کنیدیوفورها و کنیدی&zwnj;های خود را به شکل دسته&zwnj;های کوچک تقریباشبیه کومیوم به وجود می&zwnj;آورد. کنیدی&zwnj;های بعضی از گونه&zwnj;ها فقط در لبه زخم&zwnj;های ایجاد شده در محل پوسیده میوه تشکیل می&zwnj;شوند. منشا بیماری پوسیدگی کپک آبی هرچند عامل بیماری می&zwnj;تواند در خاک زمستان&zwnj;گذرانی کند، ولی کنیدی&zwnj;های قارچ که از میوه&zwnj;های پوسیده یا از اسپور افشانی قارچ در جعبه&zwnj;ها و لاوکهای حمل و نگهداری میوه و دیوارهای انبارها منشا می&zwnj;گیرند همیشه در فضای باغ،محوطه&zwnj;های مخصوص بارگیری و بسته&zwnj;بندی انبارها&nbsp; و سردخانه&zwnj;ها وجود دارند. در کشورهای خارجی عفونتهای میوه&zwnj;های نگهداری شده در انبارها یا سردخانه&zwnj;ها از اسپورهای موجود در محلول&zwnj;ها، آب حوضچه&zwnj;ها و کانال&zwnj;های شست و شوی میوه&zwnj;ها، و همچنین خاکهای چسبیده به میوه، جعبه&zwnj;ها و لاوکهای حمل میوه منشا می&zwnj;گیرند. کنیدی&zwnj;های قارچ موجود در جعبه&zwnj;های چوبی یا پلاستیکی آلوده حمل و نگهداری میوه یا روی دیوارهای انبار، در سراسر تابستان و از فصلی به فصل دیگر زنده باقی می&zwnj;مانند. مبارزه با پوسیدگی کپک آبی سیب اقدامهای زیر در جلوگیری و کنترل بیماری کپک آبی موثرند: رعایت نکات علمی و فنیبه هنگام برداشت، حمل و بارگیری، به نحوی که میوه&zwnj;ها زخمی، مصدوم یا لهیده نشوند. پلشت بری ظروف، جعبه&zwnj;های میوه و دیوارهای شدیدا الودهانبارها به مایه قارچ با ضدعفونی کننده&zwnj;ها و قارچ کشهای مناسب و جدا کردن میوه&zwnj;های فاسد از میوه&zwnj;های سالم. استفاده از قارچ کشهای مناسب گروه بنزیمیدازول برای سمپاشی قبل از برداشت در باغ و یا شست و شوی میوه&zwnj;ها پس از برداشت از طریق غوطه&zwnj;وری یا پاشیدن محلولهای قارچ&zwnj;کش به میوه&zwnj;ها. تیمار بعد از برداشت میوه&zwnj;ها با کلرور کلسیم بررسی&zwnj;هایی به منظور مبارزه بیولوژیک با این بیماری با استفاده از باکتریهای غیرمهاجم و غیر بیماریزا و همچنین مخمرها انجام شده که نتایج آنها امید بخش هستند. پوسیدگی کپک خاکستری سیب کپک خاکستری از نظر خسارت دومین بیماری(بعد از کپک آبی) انباری سیب محسوب می&zwnj;شود. کپک خاکستری مهمترین بیماری پس از برداشت گلابی نیز است. این بیماری در همه کشورها، روی میوه&zwnj;های سیب و گلابی موجود در انبارها و سردخانه&zwnj;ها شیوع دارد. این بیماری در دمای معمول سردخانه&zwnj;ها از هر بیماری دیگر انباری سریع&zwnj;تر توسعه پیدا می&zwnj;کند. ![](http://azarinsms.com/storage/app/media/123.jpg) نشانه&zwnj;های بیماری پوسیدگی کپک خاکستری سیب علایم این بیماری به شکلهای مختلف بروز می&zwnj;کند. لکه&zwnj;هایی که در مجاورت گلگاه میوه به وجود می&zwnj;آیند، ابتدا قهوه&zwnj;ای کم رنگ و بافت قسمت&zwnj;های پوسیده در آغاز سفت و چغر است. توسعه این لکه&zwnj;ها که اطراف گودی گلگاه را فرا می&zwnj;گیرند. ممکن است متوقف شود، ولی بیشتر اوقات پوسیدگی در گوشت میوه پیشروی می&zwnj;کند. عفونت اولیه می&zwnj;تواند از محل قطع دم میوه هم باشد، ولی بیشتر اوقات آلودگی از محل ترکها و زخمهای موجود در میوه روی می&zwnj;دهد. در شرایط مرطوب، تعداد زیادیاسپورهای خاکستری- قهوه&zwnj;ای در سطح میوه&zwnj;های پوسیده تشکیل می&zwnj;شود. میوه&zwnj;های کاملا پوسیده،نرم و مازویی رنگند، چنان که گویی پخته شده باشند. گاهی روی میوه&zwnj;های کاملا پوسیده و لهیده افتاده بر کف باغ، سختینه&zwnj;های سیاه رنگ قارچبه ابعاد چند میلی&zwnj;متر به وجود می&zwnj;آیند. عامل بیماری پوسیدگی کپک خاکستری قارچ مولد این بیماری در بیشتر موارد Botrytis cinerea است که شکل جنسی&nbsp; آن Botryotinia fuckeloana، نام دارد. چرخه بیماری و اپیدمیولوژی قارچ B. cinerea&nbsp; می&zwnj;تواند به شکل کنیدی و سختینه در خاک باغ، روی مواد آلی و میوه&zwnj;های پوسیده در خاک یا انبار یا خاک چسبیده به ظروف برداشت و حمل میوه&zwnj;ها زمستان گذرانی کند. در دما و رطوبت مناسب، کنیدی&zwnj;های فراوان قارچ تشکیل شده، با جریان باد یا آب شست و شوی میوه&zwnj;ها، پخش و منتقل می&zwnj;شوند. همچنین قارچ می&zwnj;تواند به حالت خفته روی قطعات گل باقیمانده روی میوه به انبار منتقل شود. عفونت میوه&zwnj;ها از راه زخم یا محل قطع دم میوه روی می&zwnj;دهد، ولی می&zwnj;تواند به سرعت از یک میوه آلوده به میوه&zwnj;های سالم مجاور سرایت کند. این قارچ حتی در دمای منفی ۱ درجه سانتیگراد هم فعال بوده، موجب توسعه پوسیدگی در سردخانه&zwnj;ها می&zwnj;شود. مبارزه با پوسیدگی کپک خاکستری سیب موقع برداشت، حمل و نگهداری محصول باید سعی شود که میوه&zwnj;ها زخمی، لهیده و مصدوم نشوند. تیمار میوه&zwnj;ها پس از برداشت با قارچکشهای مناسب از جمله قارچکشهای گروه بنزیمیدازول&zwnj;ها منبع: اشکان، محمد(1390)، بیماری&zwnj;های مهم درختان میوه در ایران.</p>', 9, 1, 9, 1, 2, '2020-09-17 06:35:35', '2020-09-17 06:35:35'),
(10, '<p>پوسیدگی آرمیلاریایی ریشه درختان سیب به پوسیدگی آرمیلاریایی ریشه،&laquo; بیماری قارچی ریشه بلوط&raquo;، &laquo; پوسیدگی ریشه بر اثر قارچ کلاهکدار&raquo; و پوسیدگی بند کفشی&raquo; هم گفته می&zwnj;شود. این بیماری به طور وسیع در جهان شیوع دارد و به تعداد زیادی از گیاهان همچون درختان میوه حمله می&zwnj;کند. پوسیدگی آرمیلاریایی ریشه در ایران به طور پراکنده در باغهای میوه روی سیب، گلابی، به و زالزالک گزارش شده است. ![](http://azarinsms.com/storage/app/media/12.jpg) نشانه&zwnj;های بیماری پوسیدگی آرمیلاریایی ریشه نشانه&zwnj;های غیراختصاصی این بیماری در اندامهای هوایی درختان، شبیه علایم دیگر بیماریهای ریشه هستند که عبارتند از:&nbsp; ضعف عمومی، زرد و کوچک شدن برگها،&nbsp; و کم رشدی سرشاخه&zwnj;های انتهایی. اگر بیماری پیشرفته باشد، ممکن است بعضی از شاخه&zwnj;های درختان مسن و تمامی درختان جوان خشک شوند. شیوع بیماری در باغ موضعی است و در تمام باغ تعدادی از درختان به طور لکه&zwnj;ای و دایره&zwnj;وار مبتلا می&zwnj;شوند. علایم اختصاصی پوسیدگی آرمیلاریایی، روی ریشه درختان بیمار دیده می&zwnj;شود. ریشه&zwnj;های بیمار قهوه&zwnj;ای شده۷ پوست آنها به آسانی از چوبشان جدا می&zwnj;شود و بین پوست و چوب ریشه، توده&zwnj;های میسلیومی سفید متمایل به بژ به صورت لایه&zwnj;ای بادبزنی شکل تشکیل می&zwnj;گردند. گاهی پوسیدگی و تشکیل ورقه&zwnj;های بادبزنی شکل به طوقه و حتی بن تنه هم می&zwnj;رسد. گاهی روی ریشه&zwnj;های قطور درختان مبتلا به بیماری پوسیدگی آرمیلاریایی، نماریشه&zwnj;های قهوه&zwnj;ای پررنگ متمایل به سیاه قارچ به قطر ۱ تا ۲ میلی متر(رشته&zwnj;های بند کفشی) تشکیل می&zwnj;شود. ![](http://azarinsms.com/storage/app/media/%20%D8%A2%D8%B1%D9%85%DB%8C%D9%84%D8%A7%D8%B1%DB%8C%D8%A7%DB%8C%DB%8C.jpg) عامل بیماری پوسیدگی آرمیلاریایی ریشه درخت سیب به طور کلی میتوان گفت عامل این بیماری Armillaria mellea (Vahl.) Kummer است. این قارچ در واقع مجموعه&zwnj;ای از گونه&zwnj;های بیولوژیکی است که برخی از انها با گونه&zwnj;های تاکسونومیکی مطابقت دارد. تاکنون ۵۵ گونه از جنس Armillaria نام گذاری شده است که بیشتر آنها قبلا جز A.mellea&nbsp; به حساب می&zwnj;آمدند. مبارزه با بیماری پوسیدگی آرمیلاریایی ریشه درخت سیب مبارزه با این بیماری به طور رضایتبخش مقدور نیست، چرا که نشانه&zwnj;های این بیماری در اندامهای هوایی درخت معمولا هنگامی بروز می&zwnj;کنند که عفونت در ریشه&zwnj;ها پیشرفت کرده است. برای احداث باغهای جدید باید سعی شود از نهالهای سالم و زمینی که بکر و عاری از آلودگی هستند انتخاب شوند. تمام ریشه درختان مبتلا به این بیماری را که دیگر امیدی به نجات آنها نیست، باید از زمین در آورده و منهدم شود. آزمایشهای به عمل آمده در گلخانه نشان می&zwnj;دهند که قارچ کشهای گروه بنزیمیدازول و قارچ&zwnj;کش تریدیمورف در جلوگیری از رشد قارچ بند کفشی موثر بسیار موثر است. حساسیت درختان سیب و گلابی به این بیماری کمتر از حساسیت درختان میوه هسته دار است . به همین دلیل، در مناطقی که این بیماری شیوع دارد، توصیه می&zwnj;شود که حتی الامکان باغهای میوه هسته دار احداث نشود. پوسیدگی فیتوفتورایی طوقه، یقه و ریشه درختان سیب ![](http://azarinsms.com/storage/app/media/11%D9%81%DB%8C%D8%AA%D9%88%D9%81%D8%AA%D9%88%D8%B1%D8%A7%DB%8C%DB%8C.jpg) پوسیدگی فیتوفتورایی طوقه، یقه و ریشه عملا در همه کشورهای سیب&zwnj;خیز جهان شیوع دارد. خسارت این بیماری در کشورهای خارج که اغلب از پایه&zwnj;های کوتاه&zwnj;کننده سیب استفاده می&zwnj;کنند بیشتر است. گونه&zwnj;های فیتوفتورا در درختان میوه سه وع پوسیدگی به شرح زیر ایججد می&zwnj;کنند: ۱.پوسیدگی طوقه&zwnj; (Collar rot)که بیماری قسمتهای پیوندی درخت است و به بافتهای پوست بخش پایینی تنه در سطح یا بالای خاک حمله و عفونت ایجاد می&zwnj;کند. پوسیدگی طوقه در درختانی که در پایین و نزدیک زمین پیوند شده&zwnj;اند، شایع&zwnj;تر است ۲. پوسیدگی یقه (Crown rot) که بیماری قسمت پایه درخت است و به بافتهای پوست منطقه یقه ( یعنب حدود محل اتصال ریشه و تنه) و مبادی ریشه&zwnj;های اصلی حمله می&zwnj;کند و عفونت به وجود می&zwnj;آورد. ۳.پوسیدگی ریشه (Root rot) که بیماری سیستم ریشه و قسمتهای دور از ناحیه یقه درخت است و بیشتر همراه با پوسیدگی یقه بروز می&zwnj;کند، ولی به تنهایی هم ممکن است ظاهر شود. در ایران پوسیدگی فیتوفتورایی طوقه و ریشه سیب چندان شایع و خسارت آن زیاد نیست. نشانه&zwnj;های بیماری پوسیدگی فیتوفتورایی طوقه، یقه و ریشه علایم پوسیدگی فیتوفتورایی طوقه، یقه و ریشه را همانند دیگر بیماریهای ریشه، می&zwnj;توان به دو نوع تفکیک کرد. نوع اول، نشانه&zwnj;های غیر اختصاصی که روی اندامهای هوایی درختان بیمار بروز می&zwnj;کنند. در این حالت شاخه&zwnj;های سال جاری درخت کم رشد شده، شاخساره&zwnj;ها کاهش می&zwnj;یابند، برگها رنگ پریده و در اوایل پاییز متمایل به ارغوانی می&zwnj;شوند. گاهی میوه&zwnj;ها کوچک شده و پیش از رسیدن، رنگ می&zwnj;گیرند. بدین ترتیب درختهای بیمار به تدریج در خلال چند سالضعیف می&zwnj;شوند و سرانجام می&zwnj;خشکند، حتی گاهی ممکن است که به طور ناگهانی خشک شوند. نوع دوم، نشانه&zwnj;های اختصاصی پوسیدگی طوقه، یقه و ریشه&zwnj;اند که اغلب و به ظاهر نامشهودند. این علایم در ناحیه طوقه و یقه، هنگامی عیان می&zwnj;شوند که لایه&zwnj;های خارجی پوستتا سطح چوب ریشه&zwnj;ها با چاقو بریده و برداشته شوند. در این صورت بافتهای پوست در درختان بیمار به جای اینکه سالم و سفید باشند، بافت مرده و به رنگ پرتقالی تا قهوه&zwnj;ای متمایل به قرمز هستند و سرانجام بعد از پوسیدن، به رنگ قهوه&zwnj;ای تیره در می&zwnj;ایند. چنانچه بافتهای قهوه&zwnj;ای شده محل طوقه در بخش داخلی آوندهای آبکشی و در لایه سطحی بافتهای چوبی با چاقو بریده شوند، حالت نواری گورخری یا مرمری دیده می&zwnj;شود. گاهی ممکن است در محل شانکرهای طوقه و یقه ترشحاتی انگم مانند ایجاد شود. این حالت در رقم &laquo; کاکس آرنج پی پن&raquo; معمول است. وقتی با چاقو بافتهای فاسد و شانکردار ناحیه طوقه و یقه بریده شود، مرز واضحی بین نواحی سالم و بافت مرده دیده می&zwnj;شود. بیشترین فعالیت بیمارگر در مرز بافت سالم و بیمار است و معمولا قارچ عامل بیماری از این قسمتها جدا می&zwnj;شود. علاوه بر ناحیه طوقه و یقه، ریشه&zwnj;های درختان بیمار سیب نیز ممکن است پوسیده و قهوه&zwnj;ای شوند که به دنبال آن قارچهای پوده رُست به آنها حمله می&zwnj;کنند. مبارزه با بیماری پوسیدگی فیتوفتورایی طوقه، یقه و ریشه ![](http://azarinsms.com/storage/app/media/55.jpg) برای کنترل بیماری پوسیدگی فیتوفتورایی، مبارزه تلفیقی یعنی استفاده از عوامل زراعی، مقاومت میزبان،&nbsp; تیمارهای شیمیایی و بیولوزیکی توصیه می&zwnj;شود. رعایت نکات علمی و فنی در انتخاب محل باغ و مدیریت آب موجود در خاک از مهمترین اقدامات زراعی برای جلوگیری از پیدایش این پوسیدگی&zwnj;اند. به منظور کنترل بیماری موارد زیر توصیه می&zwnj;شود: درختان سیب در خاکهایی که زه آب نداشته باشند، غرس شوند نهالها روی پشته کاشته شوند تا آب، طوقه و یقه انها را فرا نگیرد. دور آبیاری و میزان آن، طوری تنظیم شود که از پیدایش حالت اشباع خاک برای مدتی طولانی جلوگیری شود از عمیق کاشتن نهالها اجتناب گردد، به طوری که موقع غرس نهالها فقط سیستم ریشه زیر خاک قرار گیرد و طوقه آزاد باشد حتی الامکان از پایه&zwnj;های مقاوم و مناسب استفاده شود. منبع: اشکان، محمد(1390)، بیماری&zwnj;های مهم درختان میوه در ایران.</p>', 10, 1, 10, 1, 2, '2020-09-17 06:40:07', '2020-09-17 06:40:07'),
(11, '<p>شانکر بوتریوسفریایی سیب نخستین بار بیماری شانکر بوتریوسفریایی در ایران روی درختان سیب نوشهر دیده شد. شانکر بوتریوسفریایی سیب بیشتر در مناطقی با هوای مرطوب و بارندگی زیاد دیده می&zwnj;شود، اما در باغهای سیب واقع در دشتها و ارتفاعات با هوای سرد و خشک، شایع نیست. به طور کلی این بیماری در ایران اهمیت اقتصادی ندارد. نشانه&zwnj;های بیماری شانکر بوتریوسفریایی سیب علایم این بیماری روی شاخه، تنه،و میوه دیده می&zwnj;شود. رپی تنه و شاخه&zwnj;های درختان بیمار، شانکرهای بزرگ بروز می&zwnj;کنند. بافتهای فاسد محل هر شانکر با شکافی از دیگر بخشهای پوست جدا می&zwnj;شوند. همچنین در سطح شانکرها ترکهایی تقریبا به شکل دوایر هم مرکز نمایان می&zwnj;گردند. روپوست محل شانکرها خشکیده، به شکل پوستکهای نازکی جدا می&zwnj;شوند. گاهی ممکن است سیبهای رسیده درختان بیمار مورد حمله قرار گیرند. لکه&zwnj;های بیماری روی میوه که معمولا ۴ تا ۶ هفته قبل از برداشت محصول ظاهر می&zwnj;شوند مدور و به رنگ قهوه&zwnj;ای&zwnj;اند. عامل بیماری شانکر بوتریوسفریایی سیب بیمارگر این بیماری Botryosphaeria ribis Gross &amp; Dug. و فرم غیر جنسی آن&nbsp; Dothiorella pyrenophora ell. &amp; EV. تشخیص داده شده است. مبارزه با بیماری شانکر بوتریوسفریایی اقدامهای زیر در کنترل بیماری موثرند: احداث باغ سیب در زمین و شرایط اقلیمی مناسب، کوددادن و آبیاری مناسب و اعمال دیگر عواملی که موجب تقویت درختان می&zwnj;شوند. قطع شاخه&zwnj;های آلوده، تراشیدن شانکرها به انضمام بافتهای عفونی اطراف آنها و بلافاصله اندودن محلهای بریده و تراشیده شده با خمیرهای محتوی قارچکش. سمپاشی درختان در پاییز بعد از هرس و سالم&zwnj;سازی آنها با قارچکش ![](http://azarinsms.com/storage/app/media/3.jpg) شانکر نکتریایی سیب شانکر نکتریایی یا شانکر اروپایی، در کشورهای امریکایی و اروپایی مخصوصا در مناطقی که بارانهای مرتب تابستانی دارند شیوع دارد. شانکر نکتریایی موجب خشکیدن درختان جوان و شاخه&zwnj;های درختان مسن می&zwnj;شود. شانکرهای این بیماری بیشتر در محل گره&zwnj;ها و زوایای شاخه&zwnj;ها بروز می&zwnj;کنند. شانکر نکتریایی روی شاخه&zwnj;های جوان به صورت نواحی فرورفته و بیضی کشیده نمایان می&zwnj;شود. روی شاخه&zwnj;های بزرگتر شانکرها، تخم مرغی و فرورفته هستند و معمولا بافتهای آلوده پیرامون آنها، پینه&zwnj;ای می&zwnj;شوند. سال بعد، بیمارگر به نواحی پینه&zwnj;ای شانکرهای سال قبل هم سرایت و موجب انهدام این قسمتها می&zwnj;شود. عامل بیماری شانکر نکتریایی سیب عاما این بیماری Nectria galligena bres است که شکل غیرجنسی آن Cylindrocarpon heteronemum Wolenweb&nbsp; نام دارد. ![](http://azarinsms.com/storage/app/media/3-1.jpg) مبارزه با شانکر نکتریایی سیب قطع و انهدام بافتها و قسمتهای شانکردار موجب کاهش مقدار مایه قارچ در باغ می&zwnj;شود. در صورت شدت بیماری، می&zwnj;توان درختهای باغ را در پاییز بلافاصله بعد از ریزش برگها با استفاده از قارچکشهای مسی، سمپاشی کرد. پوسیدگی رزلینیایی ریشه درختان سیب به پوسیدگی رزلینیایی ریشه، پوسیدگی دماتوفورایی ریشه و پوسیدگی سفید ریشه هم گفته می&zwnj;شود. باغداران اصفهانی به آن &laquo;خوره&raquo; می&zwnj;گویند. علاوه بر درختان سیب، تقریبا ۱۷۰ گونه دیگر از گیاهان متعلق به ۶۳ جنس نیز به این بیماری مبتلا می&zwnj;شوند. دامنه انتشار آن در جهان بسیار گسترده است. زیان این بیماری در خزانه&zwnj;ها و نهالستان&zwnj;های درختان میوه زیاد است. این بیماری بیشتر در باغهای قدیمی که زمینهای آنها زه&zwnj;اب دارند یا در زمین&zwnj;های جنگلی که درختان آنها تراشیده و به باغ تبدیل شده&zwnj;اند، شایع است. ![](http://azarinsms.com/storage/app/media/11-1.jpg) نشانه&zwnj;های بیماری پوسیدگی رزلینیایی ریشه نشانه&zwnj;های ثانوی این بیماری در قسمتهای هوایی درخت&zwnj;های بیمار بروز می&zwnj;کنند. این علایم عبارتند از: رنگ پریدگی برگساره&zwnj;ها، عدم رشد و تشکیل شاخساره&zwnj;های جدید روی درخت، کاهش رشد درخت، کوچکی و چروکیدگی میوه&zwnj;ها، کوچک شدن برگها که ممکن است زودتر از موقع بریزند. این نشانه&zwnj;ها، تنها خاص این بیماری نیستند بلکه هر نوع بیماری کخه موجب فساد ساختار ریشه شود، چنین علایمی دارد. نشانه&zwnj;های اختصاصی پوسیدگی رزلینیایی ریشه، در اندامهای زیرزمینی درخت ابتدا به صورت قهوه&zwnj;ای شدن و پوسیدگی ریشه&zwnj;های کوچک بروز می&zwnj;کنند، عفونت و پوسیدگی بافتها بعدا به ریشه&zwnj;های بزرگتر نیز سرایت می&zwnj;کنند. سطح ریشه&zwnj;های آلوده با لایه&zwnj;ای از میسلیوم&zwnj;های قارچ پوشیده می&zwnj;شود که ابتدا سفید است، ولی به تدریج خاکستری و کپکی می&zwnj;شود. در شرایط مناسب از نظر رطوبت و دما، توده&zwnj;های سفیدرنگ قارچ در خاک هم تشکیل می&zwnj;شوند. نهال&zwnj;های مبتلا به بیماری، به آسانی از زمین کنده می&zwnj;شوند. ![](http://azarinsms.com/storage/app/media/hortgro-science-root-rot111.jpg) عامل بیماری پوسیدگی رزلینیایی ریشه شکل جنسی بیمارگر Rosellinia necatrix prill و فرم غیرجنسی آن Dematophora necatrix Hartig نام دارد. مبارزه با بیماری پوسیدگی رزلینیایی ریشه بهترین راه کنترل بیماری پوسیدگی رزلینیایی ریشه، جلوگیری از پیدایش و شیوع آن است. برای تحقق این امر، موارد زیر توصیه می&zwnj;شود. از نهال&zwnj;های سالم و عاری از بیماری برای احداث باغ&zwnj;های جدید استفاده شود. قبل از کاشت درختان، خاک زمین&zwnj;های آلوده با متیل بروماید یا آفتاب&zwnj;دهی ضدعفونی شود. به منظور زیر خاک نگرفتن طوقه و بن ساقه نهال&zwnj;ها، از عمیق کاشتن نهالها اجتناب شود. در باغ&zwnj;هایی که بیماری در آنها شایع است، لازم است همه درخت&zwnj;های بیمار که امیدی به بقای آنها نیست از ریشه در آورده، منهدم شوند. هنگام کندن و انهدام درختان بیملار، بایدسعی شود تمام قسمتهای ریشه&zwnj;های الوده موجود در خاک باغ، جمع آوری و نابود گردند. کانونهای این بیماری را در باغ بایدبا حفر خندقهایی مناسب در اطراف آنها از دیگر قسمتهای سالم باغ مجزا کرد تا بیمارگر به قسمتهای اخیر سرایت نکند. منبع: اشکان، محمد(1390)، بیماری&zwnj;های مهم درختان میوه در ایران.</p>', 11, 1, 11, 1, 2, '2020-09-17 06:42:19', '2020-09-17 06:42:19');
INSERT INTO `article_contents` (`id`, `text`, `ordered`, `publish`, `article_id`, `col`, `article_type_id`, `created_at`, `updated_at`) VALUES
(12, '<p>یکی از مسائل عمده درختان انجیر در باغها و تک درخت&zwnj;های انجیر در باغچه&zwnj;ها و منازل، ریزش میوه&zwnj;ها قبل از رسیدن است. عدم تلقیح گلها توسط زنبور بلاستوفاگا یکی از عوامل ریزش می&zwnj;باشد. زنبور بلاستوفاگا دارای سه نسل در سال است و سیکل زندگی آن در روی میوه&zwnj;های انجیر وحشی سپری می&zwnj;شود. باغداران در اواسط خردادماههمزمان با ظهور زنبورهای نسل دوم، از میوه&zwnj;های وحشی بهار جهت تلقیح میوه&zwnj;های خوراکی استفاده می&zwnj;کنند. ![](http://azarinsms.com/storage/app/media/001.jpg) انجیر بر نوعی میوه نارس و سبز است. دربهار از درختان نوعی انجیر به نام انجیر کوهی (Ficus carica) که بیشتر در دامنه کوه ها و جنگل&zwnj;ها می&zwnj;رویند جمع&zwnj;اوری شده و برای میوه دادن بیشتر درختان انجیر دانه دار و جلوگیری از ریزش، آنها را به نخ می&zwnj;کشند و به شاخه&zwnj;های درخت آویزان می&zwnj;کنند. این زنبورهنگام خروج از میوه&zwnj;های انجیر وحشی آلوده به دانه&zwnj;های گرده بوده و در تلاش برای داخل شدن به میوه انجیر خوراکی بوده و موجب تشکیل میوه خوراکی می&zwnj;گردد. متاسفانه این زنبور مفید توسط زنبوری از خانواده Torymidae به نام philotrypeysis caricae پارازیته می&zwnj;شود. ![](http://azarinsms.com/storage/app/media/unnamed-file-5.jpg) پروانه برگخوار انجیر (Ocnerogvia Amanda) لارو این پروانه به شدت روی درختان انجیر فعالیت داشته و از برگها تغذیه می&zwnj;کند. حشره کامل نر آن ۲۵ تا ۳۵ میلیمتر، بالهای جلویی قهوه&zwnj;ای تیره و بال عقب نارنجی رنگ است. ماده&zwnj;ها بزرگتر، ۳۵ تا ۴۵ میلیمتر، رنگ حشره ماده خاکستری مایل به قهوه٬ای ولیبالهای عقبی کم رنگتر از بالهای جلویی است. تخم&zwnj;های این حشره گرد و قطر آن ۳/۱ میلیمتر و رنگ خاکستری مایل به نقره&zwnj;ای است. لارو پوشیده از دسته موهای بلند به رنگ خاکستری همراه با نقش و نگار قهوه&zwnj;ای است. طول لارو در سن آخر به ۲۵ تا ۳۵ میلیمتر می۲رسد. شفیره به رنگ خاکستری و از موهای ظریفی پوشیده شده است. طول شفیره ۱۲ تا ۱۴ میلیمتر است. مبارزه با پروانه برگخوار انجیر لاروهای این آفت همزمان با غروب آفتاب از پناهگاه&zwnj;های خود خارج شده و برای تغذیه به سمت درخت حرکت می&zwnj;کنند. تغذیه لاروها در ساعات اول شب بسیار زیاد ولی این میزان با گذشت شب رو به کاهش است. و در اخرین ساعت از تاریکی شب، لاروها به پناهگاه&zwnj;های خود باز میگردند. بنابراین میتوان اقدامات زیر را انجام داد. ۱-پیچیدن گونی و مقوا بدون استفادهیا با استفاده از سموم بدور شاخه&zwnj;های الوده ۲-استفاده از سموم دور شاخه&zwnj;های آلوده ۳-استفاده از سموم به صورت پودر پاشی دور طوقه ۴-سمپاشی زیر درختان و پیچیدن پلاستیک در اطراف تنه درختان آلوده را انجام داده که از بین آنها استفاده از سموم به صورت پودرپاشی دور طوقه و بستن پلاستیک به دلیل تاثیر بیشتر و عدم نیاز به آب و سم پاش بهتر از بقیه روشهاست. تغذیه لاروها در ساعات اول شب بسیار زیاد ولی این میزان با گذشت شب رو به کاهش است. در تتتتاستفاده از پارازیتوئیدها جهت از بین بردن تخم&zwnj;های این آفت شپشک ستاره&zwnj;ای انجیر(Ceroplastes rusci) این شپشک اولین بار در ایران روی شاخه&zwnj;های انجیر در استهبان مشاهده شد. شکل خارجی این شپشک مدور و نیم کروی است. بدن آن از هشت صفحه منظم احاطه شده که در وسط هریک از آنها لکه سفیدرنگی مشاهده می&zwnj;شود. شپشک نر دارای بدن قرمز و دوبال سفیدرنگ است. ![](http://azarinsms.com/storage/app/media/ceroplastes-rusci.jpg) مبارزه با شپشک ستاره&zwnj;ای انجیر برگهای خزان شده به دلیل آلودگی به پوره&zwnj;های نسل زمستان گذران جمع آوری و در اوایل بهار زمین باغ شخم زده شود. در اواخر زمستان سرشاخه&zwnj;های الوده به آفت را میتوان قطع و سپس معدوم نمود. مبارزه شیمیایی به دلیل فعالیت زنبور مفید بلاستوفاگا ونقش ارزنده دشمنان طبیعی توصیه نمی&zwnj;شود کنه تارتن انجیر (Eotetranychus hirsti) وجود کنه انجیر برای اولین بار در ایران در سال ۱۳۶۵ روی انجیر ورامین و گرمسار مشاهده شد. رنگ عمومی کنه، زرد روشن و در اواخر فصل به رنگ نارنجی در می&zwnj;آید. کنه ماده بیضی شکل و نرها کشیده و کوچکتر از ماده است. تخم&zwnj;ها به رنگ روشن و کروی هستند. مبارزه با کنه تارتن انجیر مبارزه شیمیایی در صورت لزوم به وسیله کنه کش در اواخر دهه اول تیرماه مگس انجیر (Carpolonchea aristella) لارو این مگس از گوشت میوه تغذیه و دالانهایی در گوشت و پوست ایجاد می&zwnj;کند و میوه&zwnj;های آلوده دچار ریزش می&zwnj;شوند. این آفت زمستان را به صورت شفیره در اعماق ۵ تا ۱۰ سانتیمتری خاک طی می&zwnj;کند. این آفت در انجیرکاری&zwnj;های دیم به ندرت دیده می&zwnj;شود. یکی از بهترین راه&zwnj;های مبارزه با این آفت مبارزه مکانیکی از طریق جمع&zwnj;اوری میوه&zwnj;های آلوده ریخته شده پای درخت و سوزاندن آنها است.</p>', 12, 1, 12, 1, 2, '2020-09-17 06:43:59', '2020-09-17 06:43:59'),
(13, '<p>انجیر با نام علمی Ficus carica L درختی خزاندار، از تیره توت سانان است. در جنس Ficus حدود ۶۰۰ گونه وجود دارد که بیشتر گرمسیری و همیشه سبز هستند. انجیر بومی غرب آسیاست و هزاران سال است که در این منطقه و نیز در اطراف دریای مدیترانه کشت می&zwnj;گردد. تحمل درخت انجیر در برابر سرما، کمی از انار کمتر است و در زمستان در درمای منفی ۹ درجه سانتیگراد، تمام شاخه&zwnj;هایش تا سطح زمین می&zwnj;خشکد. درخت انجیر خاکهای ژرف لمونی را ترجیح می&zwnj;دهد. این درخت را می&zwnj;توان به صورت دیم پرورش داد، ولی آبیاری مرتب در بالابردن کمیت و کیفیت رشد، محصول و سلامت درخت اهمیت زیادی دارد. درخت انجیر در شرایط مساعد تا ۱۰۰ سال عمر و تا ۱۵ متر ارتفاع پیدا می&zwnj;کند. در درخت انجیر بارور، گلهای نر و ماده در مجاورت هم در داخل یک دمگل گوشتی که بعدا قسمت خوراکی میوه رسیده را تشکیل می&zwnj;دهد، به وجود می&zwnj;آیند. درخت انجیر معمولا به وسیله قلمه ریشه دار زیاد می&zwnj;شود. فاصله کشت، برحسب آبی و یا دیم بودن باغ و قدرت خاک، متفاوت است. در باغهاب آبی فواصل کشت ۶ تا ۸ متر پیشنهاد می&zwnj;شود. در درختان بالغ انجیر، دو پیرایش، یکی در تابستان و یکی در زمستان، انجام می&zwnj;شود. در ایران، انجیر تقریبا درتمام نقاط کشت می&zwnj;شود و استهبان بزرگترین انجیرستان جهان را دارد. بیماریهای درخت انجیر لکه سرکوسپورایی برگ انجیر لکه سرکوسپورایی انجیر در استان خوزستان یکی از بیماریهای مهم درختان انجیر به شمار می&zwnj;رود. البته نمونه های این بیماری در استان&zwnj;های دیگر نیز مشاهده شده است. ![](http://azarinsms.com/storage/app/media/unnamed-file-1.jpg) نشانه&zwnj;های لکه سرکوسپورایی انجیر نشانه&zwnj;های این بیماری در اوایل بهار به صورت لکه&zwnj;های کوچک و متعدد در سطح زیرین برگهای پایین درخت پدیدار می&zwnj;شوند. رنگ این لکه&zwnj;ها ابتدا سبز کم رنگ است. لکه&zwnj;ها به تدریج بزرگ شده، اندازه آنها به ۳ تا ۵ میلیمتر رسیده، به دلیل محدود شدن حاشیه آنها به رگبرگها به اشکال چند ضلعی در می&zwnj;آیند. سرانجام سطح بالایی برگ در محل لکه&zwnj;های زیر برگ بافت مرده می&zwnj;گردد. برگهای لکه&zwnj;دار می&zwnj;ریزند و درختان به شدت بیمار ممکن است تابستان بی&zwnj;برگ شوند. مبارزه با بیماری لکه سرکوسپورایی برگ انجیر جمع&zwnj;آوری برگ&zwnj;های ریخته شده برکف باغ و انهدام آنها موجب کاهش مایه قارچ می&zwnj;شود و شدت بیماری را در سال بعد کاهش می&zwnj;دهد. سمپاشی درختان انجیر مبتلا به لکه سرکوسپورایی در بهار، بعد از باز شدن برگها، به تعداد ۲ تا ۳ بار با قارچکشهای مسی. ترشیدگی میوه انجیر این بیماری در ایران در باغ&zwnj;های انجیر کاشان مشاهده شد. ترشیدگی میوه انجیر که &laquo; تخمیر گوشت میوه انجیر&raquo; هم نامیده می&zwnj;شود، در بیشتر مناطق انجیرکاری ایران از جمله یزد و استهبان و در انواع انجیر دیده می&zwnj;شود. نشانه&zwnj;های بیماری ترشیدگی میوه انجیر از نشانه&zwnj;های این بیماری هنگام رسیدن میوه و باز شدن منفذ آن ظاهر می&zwnj;شوند. در این هنگام ابتدا گوشت داخل میوه به رنگ صورتی در می&zwnj;آید، پس از آن لهیده می&zwnj;شود و سپس ممکن است شیرابه غلیظی به رنگ صورتی یا زرد از منفذ میوه به خارج جریان پیدا کند. در این مرحله جبابهای گاز در گوشت داخلی و لهیده انجیر تشکیل می&zwnj;شوند و بوی تخمیر الکلی و ترشیدگی از میوه پوسیده به مشام می&zwnj;رسد. همچنین لایه کف مانند محتوی سلولهای مخمری عامل بیماری در سطح گوشت لهیده میوه تشکیل می&zwnj;شود.. تعداد زیادی از این میوه&zwnj;های پوسیده و لهیده از سرشاخه&zwnj;ها جدا شده، به زمین می&zwnj;ریزند و بعضی از آنها هم چروکیده و خشکیده، روی سرشاخه&zwnj;ها باقی می&zwnj;مانند. حشرات ناقل بیمارگر طبق مطالعات انجام شده مگس سرکه و سوسک کارپوفیلوس نقش عمده&zwnj; در انتشار سلولهای مخمری عامل بیماری از میوه&zwnj;ای به میوه دیگر دارند. مبارزه با بیماری ترشیدگی انجیر مبارزه با مگس سرکه و سوسک کاپوفیلوس و کاهش جمعیت انها به ویژه هنگام رسیدن میوه&zwnj;های انجیر در مهار بیماری ترشیدگی میوه انجیر موثرند، اما کنترل حشرات ناقل عملا مقدور نیست. شانکر فوموپسیسی انجیر بیماری شانکر فوموپسیسی انجیر که به ان شانکر انجیر هم گفته می&zwnj;شود در انجیرستانهای دیم کشور به خصوص در شهرهای استهبان، جهرم، کازرون و فیروزآباد استان فارس و منطقه راویز رفسنجان&nbsp; به شدت شیوع دارد و باعث خشک شدن بسیاری از شاخه&zwnj;ها و گاهی تمامی درخت انجیر می&zwnj;شود. ![](http://azarinsms.com/storage/app/media/unnamed-file-2.jpg) نشانه&zwnj;های بیماری شانکر انجیر بیماری به تنه درخت انجیر و شاخه&zwnj;های چندساله و قطور حمله می&zwnj;کند. در آغاز وقوع عفونت، نشانه&zwnj;ها واضح نیستند، زیرا شروع آلودگی فقط با اندکی تغییر رنگ پوست همراه است. بعد از گذشت چندسال شانکر تشکیل می&zwnj;شود و قسمتهای قدیمیتر آن به رنگ سفید متمایل به خاکستری در آمده، پوست محل شانکر ترک می&zwnj;خورد و تا اندازه ای محل شانکر ترک می&zwnj;خورد. در متن شانکر نقاط ریز سیاه رنگ ظاهر می&zwnj;شوند که پیکنیدهای قارچ مولد بیماری هستند. توسعه سالانه شانکر به گونه&zwnj;ای است که گاهی نوارهای هم مرکز در آن ظاهر می&zwnj;شود. پوست داخلی و قسمتی از چوب شاخه&zwnj;ها در محل شانکر بافت مرده، به رنگ قهوه&zwnj;ای در می&zwnj;آیند. اگر شانکر گرداگرد شاخه یا تنه را فرا گیرد باعث خشکیدن آنها می&zwnj;شود. خشک شدن شاخه&zwnj;های شانکردار بیشتر در تابستان بروز می&zwnj;کند و برگ&zwnj;های این قبیل شاخه&zwnj;ها پژمرده، قهوه&zwnj;ای و خشک شده و روی درخت باقی می&zwnj;مانند. وقوع عفونت و ظهور شانکر گاهی در اطراف جوانه&zwnj;ها و بیشتر در محل شکستن یا هرس شاخه&zwnj;ها یا بخشهایی است که بر اثر تابش شدید، آفتاب سوختگی پیدا کرده باشند. مبارزه با بیماری شانکر فوموپسیسی انجیر قوی نگه داشتن درختان انجیر با آبیاری به موقع، کود دادن و هرس مناسب. جلوگیری از شکستن شاخه&zwnj;ها، بروز آفتاب سوختگی یا سرمازدگی در اثر یخبندان. هرس درختان انجیر را حتی الامکان باید تا پایان زمستان یا اوایل بهار به تاخیر انداخت، هرچند این تاخیر هرس، باعث تغییرات فیزیولوژیک و کاهش تشکیل جوانه&zwnj;های میوه دهنده می&zwnj;شوند. لازم است شانکر ایجاد شده را با چاقوی تیز تراشید. هنگام تراشیدن بهتر است تمام قسمتهای آلوده و تغییر رنگ یافته پوست به انضمام نواری از بافتهای سالم حاشیه آنها برداشته شود و پوست اندامهای تراشیده شده از باغ خارج و سوزانده شود. بلافاصله بعد از هرس یا قطع شاخه&zwnj;ها یا تراشیدن شانکرها، لازم است محل زخمهای ایجاد شده، بخشهای بدون پوست شاخه&zwnj;ها و تنه&zwnj;های درخت را ضدعفونی کرده و پس از خشک شدن آن را با خمیر پیوند بپوشانید. بیماری موزائیک انجیر نشانه&zwnj;های بیماری موزائیک انجیر در برگ و میوه ظاهر می&zwnj;شود. در برگ لکه&zwnj;های موزائیکی به رنگ سبز کم&zwnj;رنگ تا زرد و کاملا متمایز با رنگ سبز طبیعی برگهای انجیر پدیدار می&zwnj;شود. ![](http://azarinsms.com/storage/app/media/unnamed-file-3.jpg) لکه&zwnj;های موزائیکی ممکن است به طور منظم و متفرق سطح برگ را بپوشانند یا به شکل لکه&zwnj;های نامنظم به رنگ سبز کم رنگ که به تدریج به سوی لبه&zwnj;های پهنک برگ پیشروی می&zwnj;کنند، پدیدار می&zwnj;شود. در اواخر فصل رویش، نواری به رنگ قهوه&zwnj;ای متمایل به قرمز پیرامون لکه&zwnj;های موزائیکی را احاطه می&zwnj;کند. گاهی برگهای تغییر شکل یافته، روی سرشاخه&zwnj;هایی که برگ طبیعی دارند ظاهر می&zwnj;شوند. نشانه&zwnj;های مزائیک انجیر روی میوه، شبیه نشانه&zwnj;های این بیماری روی برگهاست، ولی این علایم خیلی واضح نیستند. بعضی از ارقام درختان انجیر مبتلا به این بیماری، ضعیف شده، اندازه میوه و مقدار محصول آنها کاهش پیدا می&zwnj;کنند. مبارزه با بیماری موزائیک انجیر از درختان انجیری که نشانه&zwnj;های بیماری در آنها دیده می&zwnj;شود، قلمه و پیوندک گرفته نشود. قلمه&zwnj;های ریشه داری که برای کاشت یا احداث باغ تهیه و توزیع می&zwnj;شوند، در خلال فصل رویش، معاینه و مواد تکثیری که نشانه&zwnj;های بیماری روی آنها دیده می&zwnj;شود حذف و منهدم شوند. کنترل کنه ناقل موزاسیک انجیر، در جلوگیری از پیدایش بیماری موثر است. منبع: اشکان، محمد(1390)، بیماری&zwnj;های مهم درختان میوه در ایران.</p>', 13, 1, 13, 1, 2, '2020-09-17 06:44:56', '2020-09-17 06:44:56'),
(14, '<p>کرم گلوگاه انار (Spectrobates ceratoniae) کرم گلوگاه انار در ایران&nbsp; برروی انار دیده می&zwnj;شود ولی در کشورهای دیگر میزبان&zwnj;های متعدد مانند خرنوب، پرتقال، تمر هندی، ازگیل ژاپنی، بادام زمینی، انجیر، گردو، فندق، خرما، شاه بلوط، سیب، به، هلو، زردآلو و غیره دارد. شناسایی کرم گلوگاه انار حشره کامل پروانه کوچکی است که عرض آن با بالهای باز ۱۵-۲۸ میلیمتر، بال&zwnj;های جلویی خاکستری تا خاکستری تیره با دو نوار عرضی است. رگبالها تا اندازه&zwnj;ای تیره تر از متن بال، بال&zwnj;های عقبی نیمه شفاف، خاکستری مایل به سفید است. تخم بیضوی و کمی کشیده و به رنگ سفید مایل به زرد است. لاروها به رنگ خاکستری روشن مایل به سفید یا مایل به قرمز کم رنگ بوده&nbsp; و رنگ شفیره به رنگ قهوه&zwnj;ای مایل به قرمز که طول ۹ تا ۱۱ میلیمتر است. این آفت زمستان را به صورت لارو در داخل بقایای میوه روی درخت و یا زیر درخت و گاهی زیر پوست درختان به سر می&zwnj;برد. از اواسط بهار تبدیل به شفیره شده و بعد از یک تا دو هفته بسته به حرارت پروانه&zwnj;های نسل اول از اواخر خردادماه ظاهر می&zwnj;شوند. ماده&zwnj;ها به طور پراکنده و تک تک در درون تاج انار و بر روی بساک یا میله پرچم&zwnj;ها تخمریزی می&zwnj;کنند. تخم&zwnj;ها بعد از ۴ تا ۶ روز بسته به حرارت شبانه روز تفریخ و لاروهای جوان به داخل میوه منتقل می&zwnj;شوند. لارو در درون انار از طریق تغذیه از دانه&zwnj;های انار و قسمت&zwnj;های پوستی انجام می&zwnj;گیرد. لاروها در همونجا پوست اندازی و سنین مختلف را سپری می&zwnj;کنند. لاروهای کامل در سن آخر برای شفیره شدن به محل تاج انار یا گلوگاه منتقل ودر داخل بقایای پوست و فضولات خود تبدیل به شفیره می&zwnj;شوند. مبارزه با کرم گلوگاه انار به علت&nbsp; اینکه کرم گلوگاه انار تخم&zwnj;های خود را داخل تاج میوه میگذارد، مبارزه شیمیایی با آن تقریبا غیر ممکن است، از طرفی دیگر سمپاشی در باغات انار باعث از بین رفتن حشرات مفید و در نتیجه طغیان سایر آفات به خصوص کنه&zwnj;ها می&zwnj;شود. به همین دلیل برای مبارزه با این آفت از روش به زراعی، بیولوژیکی، فیزیکی و مکانیکی استفاده می&zwnj;شود. روش به&zwnj;زراعی: رعایت فواصل کاشت انار، شخم درختان در پاییز، تعیین فواصل آبیاری با توجه به بافت خاک، سن درخت و شرایط آب و هوایی، تغذیه، استفاده از ارقام مقاوم، کنترل علف&zwnj;های هرز، هرس علمی درختان. ![](http://azarinsms.com/storage/app/media/unnamed-file-3.jpg) مبارزه فیزیکی و مکانیکی: جمع آوری و سوزاندن انارهای باقی مانده روی درخت یا ریخته شده پای درخت که آلوده به لارو کرم گلوگاه انار است. جمع&zwnj;آوری منظم میوه&zwnj;های آلوده روی درخت به صورت همگانی در انبارها و قفسهایی که توری ریز پوشیده شده است نگهداری شود. پر کردن تاج میوه انار بوسیله گل و حذف پرچم&zwnj;های انار. استفاده از تله فرمونی مبارزه بیولوژیکی: در برخی از نقاط کشور گونه هایی از زنبور پارازیتوئید تریکوگراما را که پارازیتوئید تخم این آفت است بر روی میزبان های واسطه نظیر بیدآرد و بید غلات پرورش تکثیر می کنند. علیه تخم های این آفت رهاسازی می&zwnj;نمایند. زنبورهای تریکوگراما در تخم آفات مهمی مانند کرم ساقه خوار برنج، کرم ساقه خوار ذرت، کرم غوزه پنبه، کرم سیب، کرم گلوگاه انار تخمگذاری کرده، آنها را پارازیته و از بین می&zwnj;برد. شته سبز انار (Aphis punicae) مهمترین خسارت شته انار، ریزش غیر طبیعی گل&zwnj;های اول انار در ابتدای فصل است. ![](http://azarinsms.com/storage/app/media/unnamed-file-4.jpg) مبارزه با شته سبز انار حذف پاجوش&zwnj;های آلوده به شته( ابتدای فصل و در پاییز) قطع پاجوش قبل از تخمگذاری شته&zwnj;های جنسی باعث هدایت آنها به سرشاخه&zwnj;ها و تاج درختان انار شده و موجب افزایش خسارت آفت می&zwnj;گردد. استفاده از سم مالاتیون نیز برای از بین رفتن انواع شته هاا کمک می&zwnj;کند. کنه انار (Tenuipalpus punicae) کنه انار باعث ضخیم شدن، زنگ زدگی برگ، ریزش برگ، خشکیدگی سرشاخه می&zwnj;شود. تغذیه آفت از پوست میوه موجب کوچک ماندن میوه، ایجاد لکه&zwnj;های قهوه&zwnj;ای سوخته، خشک شدن پوست و ترکیدگی میوه می&zwnj;شود. ![](http://azarinsms.com/storage/app/media/unnamed-file-5.jpg) مبارزه با کنه انار کاربرد سموم کنه کش به صورت محلول پاشی مبارزه زمستانه با این آفت با کاربرد روغن نیز میسر است</p>', 14, 1, 14, 1, 2, '2020-09-17 06:46:06', '2020-09-17 06:46:06'),
(15, '<p>درخت انار با نام علمی Punica granatum به تیره انارسانان تعلق دارد.این درخت بومی آسیای مرکزی و غربی است و سالیان طولانی است که در ایران کاشته می&zwnj;شود. شاخه&zwnj;های انار، می&zwnj;توانند سرمای منفی ۱۲ درجه سانتیگراد را تحمل کنند و گل&zwnj;ها نیز حدود دو ماه بعد از شروع فصل رشد باز می&zwnj;شوند، معمولا از آسیب سرما مصون هستند. نیاز سرمایی انار کم است و با ۲۰۰ تا ۴۰۰ ساعت دمای زیر ۷ درجه برآورد می&zwnj;شود. این گیاه برای رسیدن کامل، به تابستان&zwnj;های گرم نیاز دارد. ریشه&zwnj;های انار تا عمق یک و نیم متری زمین نفوذ می&zwnj;کنند و برای رشد به خاکی با زهکشی خوب و بافت متوسط رسی احتیاج دارند. انار، در برابر کم آبی بسیار متحمل است و میتوان آن را به صورت دیم هم پرورش داد، ولی ابیاری مرتب در بالا بردن مقدار و کیفیت محصول نقش مهمی دارد. درخت انار در شرایط مساعد می&zwnj;تواند تا پنج متر ارتفاع و ۲۰۰ سال عمر می&zwnj;کند. انار را بر حسب اندازه، شیرینی و ترشی، آبداری و کم آبی، نازکی و کلفتی پوست، درشتی و رنگ دانه&zwnj;ها و ... رقم بندی می&zwnj;کنند. تا کنون در جهان ۱۸۵ رقم انار شناخته شده است. اتابکی، رباب، ملس یزدی، ملس ترش ساوه، شیرین شهوار و زاغ از جمله ارقام مشهور انار در ایران هستند. مهمترین مناطق انارکاری در ایران عبارتند از: ساوه، فارس، یزد و دامغان. بیماری&zwnj;های درخت انار سفیدک پودری انار این بیماری نخستین بار در رودبار مشاهده شد. نشانه&zwnj;های این بیماری روی برگ و میوه دیده می&zwnj;شوند. میسلیوم قارچ عامل بیماری در سطح بالایی برگ، تقریبا به طور یکنواخت و به صورت لایه&zwnj;ای ظریف و غیرمتراکم، تمامی یا بخشی از سطح برگ را می&zwnj;پوشاند. روی پوست میوه انار نیز نشانه&zwnj;های بیماری به صورت لکه&zwnj;های سفید، کرکدار و بی&zwnj;شکل، متشکل از میسلیوم&zwnj;های کم پشت و اندام&zwnj;های غیر جنسی قارچ ظاهر می&zwnj;شوند. پوست انار در محل لکه&zwnj;ها در آغاز زیر و سپس بافت مرده می&zwnj;شود. عامل بیماری Erysiphe punicae تشخیص داده شده است. پوسیدگی میوه انار این بیماری در اواخر فصل رویش در میوه&zwnj;های روی درخت و بیشتر موارد، پس از برداشت میوه و نگهداری آن در سردخانه یا انبار بروز می&zwnj;کند. نشانه&zwnj;های بیماری پوسیدگی میوه انار قارچ&zwnj;های مولد پوسیدگی میوه انار پس از ورود به داخل میوه، به سرعت رشد و نمو می&zwnj;کنند و زیاد می&zwnj;شوند. در این حالت گوشت دانه&zwnj;های انار نرم و لهیده شده و به رنگ&zwnj;های سیاه، آبی، خاکسترس یا مخلوطی از آنها در می&zwnj;آید. چنانچه عامل بیماریزا از راه سوراخ&zwnj;های ایجاد شده در گلوگاه میوه وارد شده باشند، معمولا نشانه&zwnj;ای از پوسیدگی در پوست میوه ظاهر نمی&zwnj;شود. اگر ورود قارچ&zwnj;های بیماریزا به داخل میوه از ره ترک&zwnj;ها، سوراخ&zwnj;ها و آسیب&zwnj;های مکانیکی به پوست اتفاق افتاده باشد در این صورت پوست میوه انار نیز در مبادی ورودی عوامل بیماریزا نرم و لهیده شده و پاره می&zwnj;شود. ![](http://azarinsms.com/storage/app/media/2-2.jpg) عوامل بیماری پوسیدگی میوه انار بررسی های انجام شده در ایران نشان داد گونه&zwnj;های مختلفی از قارچ&zwnj;های متعلق به جنس&zwnj;های Aspergillus, Penicillum, Botrytis, Rhizopus, Alternaria&nbsp; و Nematospora می&zwnj;توانند موجب پوسیدگی میوه انار شوند، ولی بیشتر پوشیدگی&zwnj;ها بر اثر As. Niger&nbsp; و p.glabrum به وجود می&zwnj;آیند. هر چند دو قارچی که در آخر ذکر شد در شرایط مناسب از نظر دما و رطوبت می&zwnj;توانند از راه ترک&zwnj;های بسیار ریز نامرئی و حتی پوست مسوه&zwnj;های سالم به داخل میوه رخنه و پوسیدگی ایجاد کنند، با وجود این قارچ&zwnj;های مولد این بیماری بیشتر از راه&zwnj;های ورودی ایجاد شده در گلوگاه یا پوست میوه انار نفوذ می&zwnj;کنند. مهمترین عامل ورود قارچ&zwnj;ها در میوه انار و پیدایش پوسیدگی عبارتند از: عوامل محیطی موثر در ترکیدگی میوه و یا خرهای سرشاخه&zwnj;ها که هنگاه وزش باد موجب سوراخ شدن پوست میوه می&zwnj;شود حشراتی که لارو یا بالغ آنها به داخل میوه نفوذ می&zwnj;کنند مانند کرم گلوگاه انار حشرات مکنده همچون انواع سن&zwnj;ها که وارد میوه نمی&zwnj;شوند اما نیش آغشته به قارچ را داخل میوه فرو می&zwnj;کنند. آسیب&zwnj;هایی که هنگام برداشت یا جابجایی یا بر اثر کنه&zwnj;ها، آفتاب و عوامل مکانیکی به میوه انار وارد می&zwnj;شود. کنترل پوسیدگی میوه انار با کنترل آفت کرم گلوگاه انار و نیز سنهای ناقل بیمارگرها، به منظور جلوگیری از راه&zwnj;های ورودی به میوه انار، این بیماری در بتغ و انبار به طور محسوسی کنترل می&zwnj;شود. برداشت به موقع محصول تفکیک انارهای سالم از میوه&zwnj;های آلوده و مصدوم. نگهداری انارهای سالم در سردخانه دقت در هنگام برداشت محصول به منظور جلوگیری از ضربه و زخمی نشدن میوه. ترکیدگی میوه انار ترکیدگی میوه انار از مهمترین بیماری&zwnj;های غیر انگلی در مناطق انارخیز کشور به شمار می&zwnj;رود. درصد ترکیدگی انار از سالی به سال دیگر متفاوت است. ![](http://azarinsms.com/storage/app/media/unnamed-file-1.jpg) نشانه&zwnj;های ترکیدگی میوه انار بسته به ضعف و شدت عوامل ایجاد بیماری در میوه انار، ترک&zwnj;های کوچک تا بزرگ در پوست و دانه&zwnj;های انار به وجود می&zwnj;اید. گاهی میوه انار در جهت گلگاه تا دمگاه کالا نصف شده و زمانی ممکن است چند شکاف در جهات مختلف ایجاد و به چند بخش تقسیم می&zwnj;شود. در شرایط عادی ترکیدگی میوه انار معمولا از اواسط مردادماه شروع و در مهرماه به اوج می&zwnj;رسد. کنترل ترکیدگی میوه انار طبق بررسی&zwnj;های انجام شده مصرف کود نیتروژن در کاهش ترکیدگی میوه انار تاثیر چشمگیری دارد. مصرف کودهای نیتروژنی انار باعث افزایش پروتوئین و اسیدآمینه&zwnj;ها در گیاه شده، شادابی برگها و پوست میوه را به همراه دارد. استفاده از ارقام متحمل در باغ&zwnj;های جدید الاحداث مناسبترین روش در کاهش خسارت است. آفتاب سوختگی تنه و شاخه&zwnj;های درخت انار آفتاب سوختگی تنه و شاخه&zwnj;های انار در باغ&zwnj;های کشور بویژه انارستان&zwnj;های یزد شایع است. نشانه&zwnj;های آفتاب سوختگی تنه و شاخه درخت انار زردی، پژمردگی، ریزش برگ&zwnj;ها و کوچک ماندن میوه&zwnj;ها از جمله علایم اولیه این بیماری است. با پیشرفت بیماری، پوست تنه و شاخه&zwnj;ها در جهت آفتاب&zwnj;گیر فاسد شده، به صورت ورقه&zwnj;هایی از این اندام&zwnj;ها جدا می&zwnj;گردد و سرانجام تنه و شاخه&zwnj;های مبتلا می&zwnj;خشکند. شدت و آسیب این بیماری در درختانی که قبلا در سایه دیوار یا درختان دیگر قرار داشته و بعدا به دلایل مختلف: از جمله قطع درختان مجاور آنها در معرض تابش مستقیم آفتاب قرار گرفته&zwnj;اند و همچنین روی تنه&zwnj;های شیب&zwnj;دار درختان انار بیشتر&nbsp; است. تنه و شاخه&zwnj;های آسیب دیده از این بیماری معمولا مورد حمله سوسک چوبخوار قرار گرفته و خشکیدن آنها تسریع می&zwnj;شود. ![](http://azarinsms.com/storage/app/media/unnamed-file-2.jpg)&nbsp; عامل آفتاب سوختگی تنه و ساخه درخت انار گرمای شدید و طولانی مناطق کویری به ویژه در ماههای تیر و مرداد نوسان شدید دمای شب و روز توام با رطوبت نسبی بسیار پایین و حساسیت زیاد پوست درختان انار کنترل آفتاب&zwnj;سوختگی تنه و شاخه درخت انار پیرایش درختان انار در کنترل این بیماری حائز اهمیت است. در مواردی که لزوما تنه و شاخه&zwnj;های انار در معرض تابش آفتاب قرار می&zwnj;گیرند، لازم است در اواخر فصل بهار، این اندامها با ماده&zwnj;ای بی اثر مانند گل سفید یا آهک سفید پاشی شوند. پوسیدگی طوقه درخت انار پوسیدگی طوقه درخت انار بیشتر در باغ&zwnj;های انار استان یزد و شیراز دیده می&zwnj;شود. ![](http://azarinsms.com/storage/app/media/2.jpg) نشانه&zwnj;های بیماری پوسیدگی طوقه انار ابتدا پوست درخت در محل طوقه و بن تنه ترک خورده و سپس بافت&zwnj;های پوست و قسمتی از چوب، دچار پوسیدگی خشک می&zwnj;گردند و پوست&zwnj;های خشکیده می&zwnj;ریزند. معمولا پیشرفت پوسیدگی بعد از مدتی متوقف شده، پوست جدید در محل&zwnj;های مصدوم تشکیل می&zwnj;شود. لبه&zwnj;ها و پیرامون پوست جدید، کمی برآمده و شاخه&zwnj;ها در سمتی که پوست طوقه دچار زوال شده از رشد باز ایستاده و برگها زرد می&zwnj;شوند. گاهی پوسیدگی به ریشه&zwnj;ها نیز سرایت می&zwnj;کند و در این صورت درخت به سرعت خشک می&zwnj;شود. در اطراف تنه این درخت&zwnj;های خشکیده یا در حال خشکیدن، پاجوشهای کم یا زیاد می&zwnj;رویند. کنترل بیماری پوسیدگی طوقه انار آبیاری درختان انار باید به اندازه و به موقع انجام شود، به طوری که باعث تغییر در فیزیولوژی طبیعی درخت و طولانی شدن دوره رشد گیاه نگردد. همچنین از مصرف زیاد کودهای نیتروژن باید خودداری گردد. از اواخر پاییز تا اوایل بهار پیرامون طوقه و تنه درختان تا ارتفاع ۵۰ سانتیمتری با پارچه ضخیم، گونی یا پلاستیک پوشانده باشد. حتی الامکان از کشت دوم مانند سبزی و صیفی و جالیز در باغ&zwnj;های انار خودداری شود زیرا معمولا آبیاری در این باغها تابع زراعت دوم شده، باعث تغییرات فیزیولوژیکی در درخت انار شده و مستعد پوسیدگی طوقه می&zwnj;شود. نماتود ریشه گرهی درخت انار علایم ثانوی این بیماری روی اندامهای هوایی درختهای انار به صورت توقف رشد و ضعف عمومی درخت، زردی برگها، ریزش برگ&zwnj;های انتهایی شاخه&zwnj;ها و خشکیدگی تدریجی سرشاخه&zwnj;ها ظاهر می&zwnj;شود. روی ریشه های نازک و موی ریشه&zwnj;ها، گال&zwnj;های کوچک&nbsp; و بزرگ ایجاد می&zwnj;شوند که علامت اختصاری بیماری بوده است. در مواردی که بیماری شدت داشته باشد ممکن است موجب زوال تدریجی درخت شود. ![](http://azarinsms.com/storage/app/media/3.jpg) کنترل نماتود ریشه گرهی درخت انار حتی الامکان در زمینهایی که به نماتودهای ریشه گرهی آلوده&zwnj;اند، باغ انار احداث نشود . قبل از احداث باغ ، خاک زمینهای مورد نظر را آزمایش کنید. در صورت آلودگی زمین به نماتود، با شخم و آفتاب دهی خاک، جمعیت نماتود را باید کاهش داد. آفتاب&zwnj;دهی در مناطق گرم و خشک در تقلیل جمعیت نماتود بسیار موثر است. برای احداث باغ انار از نهالهای سالم و عاری از نماتود استفاده گردد. مبارزه با علفهای هرز حتی الامکان از کاشت درختان انار در خاک&zwnj;های خیلی سبک و ماسه&zwnj;ای که مستعد آلودگی شدید به نماتودهای ریشه&zwnj;گرهی هستند باید اجتناب کرد. منبع: اشکان، محمد(1390)، بیماری&zwnj;های مهم درختان میوه در ایران.</p>', 15, 1, 15, 1, 2, '2020-09-17 06:46:58', '2020-09-17 06:46:58'),
(16, '<p>پسیل زیتون (Olive psylla) در برخی از منابع، خانواده این پسیل را Aphalaridae ذکر کرده&zwnj;اند. پسیل زیتون در اوایل بهار در هنگام رویش شاخه&zwnj;های جوان و بازشدن گل&zwnj;های زیتون بیشترین خسارت را باعث می&zwnj;شود. در این زمان حشره با ترشح مواد مومی سفیدرنگ در محل اتصال شاخه&zwnj;ها و روی خوشه&zwnj;های گل، به راحتی شناخته می&zwnj;گردد. عسلک دفع شده توسط این حشره موجب رشد قارچ مولد دوده و تجمع گرد و خاک می&zwnj;شود. این تجمع مانع کربن&zwnj;گیری و نیز تلقیح گل&zwnj;های زیتون می&zwnj;شود به طوریکه گل&zwnj;های درختان آلوده به شدت می&zwnj;ریزند و بندرت میوه روی آن&zwnj;ها تشکیل می&zwnj;گردد. شناسایی حشره پسیل طول بدن بدون بال&zwnj;ها ۲تا ۸/۲ میلیمتر به رنگ زرد تا سبز روشن و در برخی مواردخاکستری تا قهوه&zwnj;ای روشن است. تخم بیضی شکل و کشیده که در محل اتصال باریک شده و از همین قسمت در محل تخمگذاری می&zwnj;چسبد. رنگ آن در ابتدا شیری، سپس زرد می&zwnj;شود. دارای ۵ سن پورگی، پوره سن دوم سه بندی و در پوره سن سوم چهربندی است. دوره سن چهارم دارای شاخک شش&zwnj;بندی و پوره سن پنجم دارای شاخک هشت&zwnj;بندی است. ![](http://azarinsms.com/storage/app/media/euphyllura.jpg) مبارزه با پسیل زیتون دشمنان طبیعی الف- کفشدوزک&zwnj;ها(ٍExochomus quadripustulatus, Adalia bipunctata, Chilocorus bipustulatus, Oenopia conglobate) ب: زنبورهای پارازیتوئید: (Psyllaephagus sp.,&nbsp; Tetrastichus sp) ج: بال توری (Chrysopa carnea) د: مگس سیرفید( Sphaeropharia acripta) مبارزه شیمیایی سپردار بنفش زیتون (Parlatoria oleae) این حشره اگر چه برای اولین بار بر روی درختان زیتون شناسایی شد ولی به عده زیادی از درختان میوه دانه&zwnj;دار، هسته&zwnj;دار، گیاهان زینتی و جنگلی حمله می&zwnj;نمایند. این سپردار روی برگ، شاخه، تنه و میوه زندگی می&zwnj;کند و در محلی که خرطوم خود را در بافت گیاه فرو می&zwnj;نماید. کلروفیل گیاه میزبان از بین رفته و به جای آن لکه گرد و قرمز ارغوانی رنگی به وجود می&zwnj;آید. در روی تنه و سرشاخه محل تجمع شپشک&zwnj;ها، لکه&zwnj;های قهوه&zwnj;ای رنگ مشاهده می&zwnj;شود که تصور می&zwnj;رود یک نوع بیماری فیزیولوژیک باشد. این وضعیت روی میوه&zwnj;های مختلف نیز مشاهده و اغلب ممکن است با علائم بیماری&zwnj;های گیاهی خاص اشتباه شود. حمله و تغذیه این شپشک باعث ضعف درختان میوه و آماده شدن آن&zwnj;ها برای حمله سوسک&zwnj;های پوستخوار و سایر آفات درجه دوم می&zwnj;شود. ![](http://azarinsms.com/storage/app/media/parlatoria-oleae.jpg) مبارزه با سپردار بنفش زیتون کفشدوزک&zwnj;های شکارگر زنبورهای پارازیتوئید شپشک سیاه زیتون (Saisetia oleae) شپشک سیاه زیتون نیز از آفات مهم زیتون است که از نظر اقتصادی خسارت آن به زیتون، مرکبات و برخی گیاهان زینتی قابل ملاحظه است. شپشک سیاه زیتون از آفات قرنطینه داخلی است که سال&zwnj;ها پیش بوسیله شاخه&zwnj;های خرزهره آلوده از شوروی به ایران وارد شد. خسارت شپشک سیاه زیتون علاوه بر مکیدن فراوان شیره گیاهی که موجب ضعف شدید درختان می&zwnj;شود ترشح فراوان عسلک است که موجب نشو و نمای قارچ مولد دوده می&zwnj;شود که در شرایط گرم و مرطوب بهار و تابستان پوشش ضخیمی از آن روی برگ، میوه و سرشاخه درختان را می&zwnj;پوشاند. در اثر تغذیه آفت و آلودگی به دوده برگ&zwnj;ها و میوه درختان آلوده می&zwnj;ریزند و سرشاخه&zwnj;ها خشک می&zwnj;شوند. ![](http://azarinsms.com/storage/app/media/saisetia-oleae.jpg) شناسایی شپشک سیاه زیتون بدن حشره کامل سیاه مات، کروی شکل و کمی کشیده است که طول آن ۲ تا ۵ میلیمتر و عرض آن ۲ تا ۴ میلیمتر است. جلد بدن نسبتا سخت و روی آن برجستگی آشکاری به شکل H دیده می&zwnj;شود. مبارزه با شپشک سیاه زیتون شکارگرها از خانواده Coccinellidae زنبورهای پارازیتوئید از خانواده Encyrtidae مبارزه شیمیایی</p>', 16, 1, 16, 1, 2, '2020-09-17 06:48:08', '2020-09-17 06:48:08'),
(17, '<p>زیتون با نام علمی Olea europea L.&nbsp; درختی از تیره Oleaceae است. در جنس زیتون چندین گونه مختلف وجود دارد که از بین آن&zwnj;ها، تنها درخت زیتون میوه خوراکی تولید می&zwnj;کند و بقیه زینتی هستند. درخت زیتون بومی آسیای صغیر، سوریه و لبنان است. این درخت نیاز به آب و هوای گرم و مرطوب دارد و برای رسیدن کامل محصول آن، تابستان باید گرم، طولانی و خشک باشد. مقاومت زیتون در برابر شرایط محیطی چگونه است؟ مقاومت درخت زیتون در برابر سرمای زمستانه از سایر گیاهان گرمسیری بیشتر و درختان بالغ تا منفی ۱۲ درجه سانتیگراد را تحمل می&zwnj;کنند. نیاز سرمایی آن نسبتا کم و در مناطقی که میانگین دمای زمستانی آن ۱۰ درجه باشد، این گیاه به راحتی محصول می&zwnj;دهد. درخت زیتون، با هر نوع خاکی سازش دارد و به راحتی می&zwnj;تواند در خاک&zwnj;های کم ژرفا و سنگلاخ&zwnj;ها رشد نماید، ولی بهترین رشد را در اراضی حاصلخیز و ژرف دارد. زیتون نسبت به زهکشی ناکافی حساس، ولی در برابر کم&zwnj;آبی و بالا بودن نمک خاک مقاومت نشان می&zwnj;دهد و به همین دلیل می&zwnj;توان آن را به صورت دیم پرورش داد. ازدیاد زیتون از طریق بذر ، پیوند زدن روی نهال بذری، خوابانیدن و قلمه انجام می&zwnj;شود. درخت زیتون در ۵ تا ۶ سالگی به گل می&zwnj;نشیند. بیماری&zwnj;های درخت زیتون لکه طاووسی زیتون لکه طاووسی زیتون که به آن لکه چشم پرنده&zwnj;ای و لکه برگی هم می&zwnj;گویند، در کشورهای زیتون خیز مجاور دریای مدیترانه و نیز کالیفرنیا شیوع دارد. این بیماری در سال&zwnj;های پرباران، موجب ریزش برگ&zwnj;ها و کاهش مقدار محصول می&zwnj;شود. ![](http://azarinsms.com/storage/app/media/unnamed-file-13.jpg) نشانه&zwnj;های بیماری لکه طاووسی زیتون نشانه&zwnj;های لکه طاووسی زیتون روی برگ، دمبرگ، میوه و دم میوه بروز می&zwnj;کنند، ولی بیشتر در پهنک برگ&zwnj;ها پدیدار می&zwnj;شوند. لکه&zwnj;های برگ در آغاز نامشخص و بسیار سطحی&zwnj;اند.پس از مدتی محدوده لکه&zwnj;ها مشخص می&zwnj;شود. لکه&zwnj;ها ابتدا به رنگ بژ ولی بعدا به رنگ زیتونی تیره در می&zwnj;آیند. قطر لکه&zwnj;ها بین ۲ تا ۱۰ میلیمتر متغیر است. گاهی در حاشیه لکه&zwnj;ها هاله&zwnj;ای زرد رنگ ظاهر می&zwnj;شود. برگ&zwnj;هایی که تعداد زیادی لکه روی آنها ظاهر شده، رنگشان زرد و می&zwnj;ریزند. لکه&zwnj;های تیره، با هاله زرد رنگ در متن برگ&zwnj;های متمایل به زرد، شبیه لکه&zwnj;های دم طاووس هستند. به همین علت، این بیماری لکه طاووسی نامیده می&zwnj;شود. نشانه&zwnj;های این بیماری بیشتر روی برگ&zwnj;های قسمت پایین درختان بیمار بروز می&zwnj;کنند. چرخه بیماری لکه طاووسی قارچ عامل بیماری در شرایط و مواقع نامناسب و تابستان&zwnj;های گرم و خشک در برگ&zwnj;های آلوده روی درخت به شکل استروما، میسلیوم یا کنیدی به سر می&zwnj;برد. در فصول بهار، پاییز و زمستان در دمای متوسط و هوای مرطوب کنیدی&zwnj;های قارچ به تعداد کم در حاشیه لکه&zwnj;ها تشکیل می&zwnj;شوند و با باد به ندرت منتقل می&zwnj;گردند. قطرات باران کندی&zwnj;ها را شسته و به قسمت&zwnj;های پایین&zwnj;تر انتقال می&zwnj;دهد. کنیدی&zwnj;ها در هوای مرطوب، در مجاورت قطرات ریز آب جوانه زده و ایجاد عفونت می&zwnj;کنند. وجود آب آزاد در سطح برگ و دمای مناسب برای تندش کنیدی&zwnj;ها ضروری است، چراکه کنیدی&zwnj;ها در هوای خشک و گرم جوانه نمی&zwnj;زنند. مبارزه با لکه طاووسی زیتون ارقام زیتون نسبت به این بیماری، دارای حساسیتی متفاوتند. ارقام آسکولانا و سویلانا در برابر این بیماری مقاومند. با سمپاشی درختان در اوایل پاییز با محلول بردو و تکرار آن در بهار با یکی از قارچکش&zwnj;های مشی بیماری به خوبی کنترل می&zwnj;شود. توجه داشته باشید که بعضی از ارقام نسبت به قارچ&zwnj;کشهای مسی حساسیت دارند و ممکن است مصرف قارچ&zwnj;کشها ی مسی باعث سوختگی برگ&zwnj;هایشان شود. از ایرو در مصرف این قارچ&zwnj;کش&zwnj;ها و غلظت آنها احتیاط کرد. پژمردگی ورتیسیلیومی درختان زیتون پژمردگی ورتیسیلیومی در ایران برای نخستین بار از گرگان و گنبد گزارش شد. بررسی&zwnj;های اخیر در زیتون کاریهای جدید الاحداث، نشان می&zwnj;دهند که نهال&zwnj;های ۱ تا ۲ ساله کوجود در نهالستان&zwnj;های مازندران و گیلان، و باغ&zwnj;های استان&zwnj;های سمنان، گلستان، آذربایجان شرقی، سیستان و بلوچستان، کهکیلویه و بویراحمد، کرمان، فارس و زنجان به این بیماری مبتلا شده&zwnj;اند. ![](http://azarinsms.com/storage/app/media/unnamed-file-14.jpg) نشانه&zwnj;های بیماری پژمردگی ورتیسیلیومی زیتون نشانه&zwnj;های ظاهری این بیماری در آغاز به شکل پژمردگی برگ&zwnj;های یکی &ndash; دوشاخه&nbsp; به طور ناگهانی در تابستان بروز می&zwnj;کنند. این برگ&zwnj;های پژمرده به تدریج به رنگ خاکستری تیره در می&zwnj;آیند، چروکیده و ممکن است به زمین بریزند. در بعضی مواقع پژمردگی و ریزش برگ&zwnj;ها از پایین شاخه&zwnj;های مبتلا شروع و به سمت بالا ادامه پیدا می&zwnj;کند. این بیماری در نهال&zwnj;های جوان در بیشتر موارد خشک شده و از بین می&zwnj;روند. قهوه&zwnj;ای شدن آوندهای چوبی در درختان زیتون مبتلا به بیماری پژمردگی ورتیسیلیومی عمومیت ندارد، ولی این پدیده در بافت&zwnj;های چوب نرم شاخه&zwnj;های عفونی درختان جوان و نهال&zwnj;ها دیده می&zwnj;شود. با برداشتن پوست یا قطع شاخه&zwnj;های مبتلا این تغییر رنگ نمایان می&zwnj;شود. مبارزه با بیماری پژمردگی ورتیسیلیومی زیتون درختان و نهال&zwnj;های مبتلا به بیماری پژمردگی ورتیسیلیومی را نمی&zwnj;توان معالجه کرد یا بهبود بخشید، از این رو اصول کنترل این بیماری بر رعایت اقدامهای بهداشتی و قرنطینه&zwnj;ای، جلوگیری از پیدایش بیماری و استفاده از ارقام مقاوم است. اعمال مقررات قرنطبنه داخلی و اقدامات بهداشتی از تولید نهال&zwnj;های آلوده و انتقال آنها به مناطق عاری از بیماری باید جدا جلوگیری شود امحا قلمه&zwnj;ها و نهال&zwnj;های خشکیده یا در شرف خشکیدن به منظور جلوگیری از تشکیل اندام&zwnj;های زمستان گذران قارچ عامل بیماری. حذف علف&zwnj;های هرز و خودداری از کاشت گیاهان حساس به عامل بیماری مانند پنبه، گوجه فرنگی و سیب&zwnj;زمینی در نهالستان&zwnj;ها و باغ۲های زیتون. تهیه بستر، خاک سالم و گلدان&zwnj;های مورد استفاده برای ریشه&zwnj;زایی قلمه&zwnj;ها استفاده از زمین&zwnj;های عاری از بیمارگر برای احداث نهالستان و باغ زیتون و سترون&zwnj;سازی ابزار و وسایل مورد استفاده. استفاده از کود پتاسیم به قدر کافی و جلوگیری از زخمی شدن ریشه&zwnj;ها بر اثر عملیات زراعی و فعالیت نماتودهای انگل گیاهی. خودداری از گرفتن قلمه از درختان مبتلا به پژمردگی ورتیسیلیومی استفاده از ارقام مقاوم در صورت امکان باید از ارقام مقاوم زیتون در برابر این بیماری استفاده کرد. ارقام Arbequine , frantoio, Oblonga به این بیماری مقاوم هستند. منبع: اشکان، محمد(1390)، بیماری&zwnj;های مهم درختان میوه در ایران.</p>', 17, 1, 17, 1, 2, '2020-09-17 06:49:09', '2020-09-17 06:49:09'),
(18, '<p>سپردار سفید خرما (Parlatoria blanchardi) این آفت به نخل زینتی و درختان خرمای جوان مخصوصا درختانی که در کنار نهرها و جاهای مرطوب و همچنین پاجوش&zwnj;ها خسارت می&zwnj;زند. سپردار معمولی خرما به برگ، ساقه و شاخه&zwnj;های اصلی میوه حمله می&zwnj;کند. برگ&zwnj;های مبتلا پژمرده و زرد شده درخت، ضعیف شده و در مقدار محصول کاهش محسوسی دیده می&zwnj;شود. حشره کامل این آفت بیضی شکل و به رنگ قهوه&zwnj;ای است و در سطح آن ماده سفید رنگی که حشره ترشح می&zwnj;نماید وجود دارد. سیر شپشک نر باریک و کشیده و شکل آن غیرمنظم و رنگ ان سفید است. روش&zwnj;های مبارزه با سپردار سفید خرما هرس سالیانه شاخه&zwnj;های پایین درخت و سوزاندن آن&zwnj;ها دشمنان طبیعی( پرداتور و پارازیتوئید) مبارزه شیمیایی در یک یا دو نوبت، در اردیبهشت یا آبان و آذر. زنجره خرما (Ommatissus binotatus) زنجره خرما علاوه بر نخل&zwnj;های خرما به نخل&zwnj;های زینتی نیز صدمه می&zwnj;زند. حمله آن با ترشح فراوان عسلک همراه بوده و به همین علت سطح برگ&zwnj;ها از قارچ&zwnj;های مولد دوده نیز پوشیده می&zwnj;شود. میوه&zwnj;های درختان آلوده کوچک، چروکیده و فاقد رشد کافی هستند. درختانی که در مجاورت نهرهای آب قرار گرفته&zwnj;اند، آلودگی بیشتری نشان &zwnj;می&zwnj;دهند. زنجره به رنگ زرد روشن یا زرد مایل به سبز و حدود ۵ میلیمتر است. در سطح پشتی بدن، چهار الی ده لکه سیاه مشاهده می&zwnj;شود. زنجره نر نسبت به ماده کوچکتر و در روی حلقه&zwnj;های شکم لکه&zwnj;های سیاه رنگ وجود ندارد. ![](http://azarinsms.com/storage/app/media/unnamed-file-6.jpg) مبارزه با زنجره خرما رعایت فاصله درختان بین 8 تا 10 متر انجام هرس سبز بعد از تخمگذاری حشره مبارزه شیمیایی در یک یا دو نوبت.( نوبت اول زمانی که ۷۵ درصد تخم&zwnj;ها تفریخ شده باشند. نوبت دوم در صورت لزوم پس از برداشت خرما علیه نسل دوم آفت) کرم گرده&zwnj;خوار خرما (شب یره بزگ خرما) greater date moth لاروهای این آفت به گل&zwnj;ها و خوشه&zwnj;های گل دهنده نر و ماده خرما حمله می&zwnj;کنند و گاهی نیز میوه&zwnj;های جوان را مورد حمله قرار می&zwnj;دهند. در سال&zwnj;های طغیان این آفت گاهی تا ۷۰ درصد محصول را از بین می&zwnj;برد. این آفت در نسل اول ابتدا به غلاف و برگچه&zwnj;های خرما صدمه می&zwnj;زند. پس از آن که غلاف باز شد و گل&zwnj;ها ظاهر شدند لاروها به گل&zwnj;های نر و ماده خسارن وارد می&zwnj;کنند و میوه&zwnj;های تازه تشکیل شده را می&zwnj;خورند. به علاوه در شرایط آب و هوایی گرم و مرطوب نواحی جنوبی کشور، قارچ&zwnj;ها و باکتری&zwnj;ها از محل زخم&zwnj;های حاصله توسط لارو وارد خوشه و داخل میوه شده و باعث فساد آنها می&zwnj;شوند. ![](http://azarinsms.com/storage/app/media/unnamed-file-8.jpg) مبارزه با کرم گرده&zwnj;خوار خرما مبارزه با دیگر آفات خرما نظیر کرم میوه&zwnj;خوار خرما و زنجره خرما مبارزه با این افت را نیز پوشش می&zwnj;دهد. شب پره کوچک یا کرم میوه&zwnj;خوار خرما( سرخه یا حمیره) Batrachedea amydraula حشره کامل این آفت با بال&zwnj;های باز به عرض ۱۰ تا ۱۲ میلیمتر است. بال&zwnj;های جلویی نیزه&zwnj;ای شک و مایل به خردلی است. رنگ تخم&nbsp; شب پره سفید شیری، شکل آن کروی و حدود یک میلیمتر قطر دارد. لارپ از نوع Erucifom&nbsp; به طول ۱۰ تا ۱۲ میلیمتر، دارای بدنی شفاف و متمایل به زرد است، سر و پشت سینه اول قهوه&zwnj;ای رنگ، شفیره ۱۵ میلیمتر، بیضی شکل و دو سر آن کشیده و به رنگ زرد است. مبارزه با شب پره کوچک یا کرم میوه&zwnj;خوار خرما دشمنان طبیعی( زنبور پارازیتوئید لارو Habrobracon hebetor) مبارزه مکانیکی( پوشاندن خوشه&zwnj;های خرما با الیاف حصیری، بعد از ۳۰-۴۵ روز باز می&zwnj;کنند و در این مدت حشره بالغ نمی&zwnj;تواند روی خوشه و دانه&zwnj;های خرما تخم&zwnj;ریزی کند) مبارزه شیمیایی در مناطقی که با زنجره خرما مبارزه شیمیایی صورت می&zwnj;گیرد نیاز به مبارزه اختصاصی ندارد و در صورت لزوم در یک یا دو نوبت انجام می&zwnj;شود. نوبت اول ۷ تا ۱۰ روز دس از تلقیح و نوبت دوم ۴-۵ روز بعد می&zwnj;باشد. سرخرطومی حنایی خرما (Rhynchophorus ferrugineus) این آفت احتمالا از طریق مبادلات مرزی و همراه نهال&zwnj;های آلوده خرما از کشور پاکستان وارد ایران شده است . خسارت این آفت برای اولین بار در سال ۶۹&nbsp; روی نخیلات خرما در روستای بخشان گزارش شد. خسارت اصلی این آفت توسط مرحله لاروی ایجاد می&zwnj;گردد. لاروها ضمن تغذیه از دستجات آوندی، جوانه مرکزی، غلاف&zwnj;های تازه و لیفی شده برگ، کانال&zwnj;هایی در جهات مختلف بالا و پایین ایجاد می&zwnj;کنند. در اثر تغذیه از دستجات آوندی در جریان شیره گیاهی اختلال بوجود آمده و درختان آلوده حالت تشنگی نشان می&zwnj;دهند یعنی برگ&zwnj;ها به سمت پایین آویزان می&zwnj;شوند. تنه جوش&zwnj;های خرما در اثر تغذیه لارو از جوانه مرکزی خشک شده و برگ&zwnj;های آن به رنگ سفید در می&zwnj;آید. از سوراخ&zwnj;های کانال&zwnj;های لاروی شیره تراوش می&zwnj;شود که به علت فعالیت میکروارگانیسم&zwnj;ها بر روی شیره درخت و فضولات لاروی، بوی خاص و مشمئز کننده&zwnj;ای از درختان آلوده به مشام می&zwnj;رسد. در صورت بالا بودن جمعیت لاروها در داخل یک درخت، کانال&zwnj;های لاروی به یکدیگر متصل شده و ایجاد حفره&zwnj;های بزرگی در تنه می&zwnj;کنند. ![](http://azarinsms.com/storage/app/media/unnamed-file-9.jpg) مبارزه با سرخرطومی حنایی خرما رعایت اصول قرنطینه گیاهی حذف تنه جوش&zwnj;ها و پاجوش&zwnj;ها به صورت صحیح و اصولی از تنه درخت به طوریکه محل مناسبی برای تخم&zwnj;ریزی آفت نباشد. جلوگیری از وارد شدن هرگونه زخم یا ضربه مکانیکی به تنه گیاه پاجوش&zwnj;ها و شاخه&zwnj;های زائد درخت که آلوده می&zwnj;باشند را حذف نموده و روی آن&zwnj;ها پوششی از پلاستیک کشیده و ضدعفونی نمود. سوسک کرگدنی خرما( Oryctes elegans) حشره کامل نسبتا درشت، سیاه رنگ و براق می&zwnj;باشد. در وسط سر مجهز به یک زائده شاخ مانند می&zwnj;باشد که در حشره نر این زائده&nbsp; بلندتر و مشخص&zwnj;تر است و شبیه به شاخ کرگدن به نظر می&zwnj;رسد. طول حشره کامل از ۵/۳۲ تا ۳۹ میلیمتر تغییر می&zwnj;نماید. ![](http://azarinsms.com/storage/app/media/unnamed-file-10.jpg) تخم به رنگ سفید شفاف، بیضی شکل و بیش از یک میلیمتر قطر دارد. لاروها به طول ۹ تا ۱۰ سانتیمتر، سفید خمیده و دارای پاهای سینه&zwnj;ای قوی می&zwnj;باشد. شفیره از نوع آزاد به رنگ سفید نارنجی و حدود ۴۶ میلیمتر طول و ۱۸ میلیمتر عرض دارد. مبارزه با سوسک کرگدنی خرما مبارزه طبیعی( زنبور پارازیتوئید خارجی Scolia sp) مبارزه شیمیایی بوسیله پاشیدن طعمه مسموم در تاج درخت با استفاده از سموم سوسک چوبخوار یا شاخک بلند خرما( Pseudophihus testaceus) سوسک چوبخوار یا شاخک بلند یکی از آفات خرما است که لاروهای این آفت در ناحیه تاج درخت از قاعده دمبرگ&zwnj;ها تغذیه می&zwnj;کنند. داخل دمبرگ&zwnj;های آفت زده انباشته از خاک اره، فضولات و شیره گیاهی است که خمیر قهوه&zwnj;ای تیره رنگی را بوجود می&zwnj;آورد. لاروها در مراحل آخر دوران تغذیه خود به تنه درختان حمله کرده و به آن نیز صدمه وارد می&zwnj;کنند. از محل تغذیه لاروها روی تنه مایع قهوه&zwnj;ای رنگی خارج می&zwnj;شود که وسیله تشخیص است. مبارزه با سوسک چوبخوار بهترین راه مبارزه تقویت نخل از نظر آبیاری و وضع خاک است و مبارزه شیمیایی آن مانند سوسک کرگدنی است. کنه گرد آلود خرما( Oligonychus afrasiaticus) در اثر تغذیه این آفت برگ&zwnj;ها به زردی می&zwnj;روند و تارهای فراوان کنه&zwnj;هاسبب جلب گرد و خاک می&zwnj;شوند، به طوریکه&nbsp; نخل&zwnj;های آفت زده حالت خاک &zwnj;آلود دارند. ![](http://azarinsms.com/storage/app/media/unnamed-file-11.jpg) میوه&zwnj;های آفت زده آب خود را از دست داده و چروکیده می&zwnj;شوند. سطح آن&zwnj;ها از تارهای این آفت و گرد و خاک پوشیده شده است. گاهی سطح میوه شکاف برداشته و قبل از رسیدن می&zwnj;ریزد. ارقام کبکاب، هلیله و زاهدی(قصب) تا حدودی نسبت به این آفت مقاوم و ارقام شکری، مردار سنگ، مضافتی، خسبک، خضراوی، عالی، مهتری، ربی و حلاوی تا حدودی حساسند. برای مقابله با کنه گرد آلود خرما، از طریق مبارزه شیمیایی در زمانی که میوه به صورت خارک است، صورت می&zwnj;گیرید.</p>', 18, 1, 18, 1, 2, '2020-09-17 06:50:16', '2020-09-17 06:50:16'),
(19, '<p>درخت خرما با نام علمی phoenix dactylifera از تیره palmaceae است. گیاهان این تیره همگی تک لپه و دولپه ای هستند. خرما بومی جنوب غربی آسیا و شمال آفریقاست و حداقل از ۳ تا ۴ هزار سال پیش از میلاد مسیح کشت می&zwnj;شده است. استان&zwnj;های خوزستان، هرمزگان، سیستان و بلوچستان، بوشهر، فارس و کرمان از مناطق عمده کشت نخل خرما در کشور هستند. دیگر استان&zwnj;های خرماخیز عبارتند از: یزد، کرمانشاه، ایلام، خراسان، سمنان، اصفهان و کهکیلویه و بویر احمد. طبق منابع علمی بیماری&zwnj;هایی که در نخلستان&zwnj;های ایران شیوع دارند شامل: لکه گرافیولایی برگ بر اثر Graphiola phoenicis پوسیدگی گل آذین خرما لکه آلترناریایی برگ لکه سیاه برگ خشکیدگی خوشه خرما بر اثر عوامل محیطی سوختگی دم خوشه پژمردگی فوزاریومی زوال درختان خرما پوسیدگی نرم انتهای تنه فساد میوه خرما بیماری&zwnj;های نماتودی زگیل سیاه درخت خرما زگیل سیاه درخت خرما که به آن لکه گرافیولایی برگ نیز گفته می&zwnj;شود، شایع ترین بیماری نخل است، و در مناطقی که شرایط اقلیمی آن مرطوب است بروز می&zwnj;کند. لکه گرافیولایی در استان هرمزگان و بلوچستان روی نخل شایع است. خسارت این بیماری در نخلستان&zwnj;هایی که درختان آن&zwnj;ها از کشت بافت به دست آمده&zwnj;اند، بیشتر است. این بیماری در نخل&zwnj;های زینتی شمال کشور نیز شیوع دارد. ![](http://azarinsms.com/storage/app/media/unnamed-file-1.jpg) زگیل سیاه خرما علائم بیماری زگیل سیاه درخت خرما علایم بیماری لکه گرافیولایی برگ به صورت جوش&zwnj;هایی در بخش&zwnj;های مختلف برگ نخل( برگچه&zwnj;ها و رگبرگ&zwnj; اصلی) پدیدار می&zwnj;شود. در آغاز جوش&zwnj;ها زیر اپیدرمی بوده و به تدریج با توسعه بیماری در دو سطح برگ برجستگی&zwnj;هایی سیاه رنگ ظاهر می&zwnj;شوند. برجستگی&zwnj;، زگیل مانند، کوچک و استوانه&zwnj;ای هستند. در آخر، اپیدرم برگ در محل جوشها پاره شده، اسپورهای آغازینقارچ عامل بیماری به رنگ زرد در محل جوش&zwnj;ها نمایان می&zwnj;شوند. پس از انتشار اسپورها، حفره&zwnj;های کوچک سیاه رنگی در محل جوش&zwnj;های برگ باقی می&zwnj;مانند. برگ&zwnj;های به شدت آلوده، ضعیف و زودتر از موعد زرد شده و می&zwnj;خشکند. این بیماری موجب کاهش رشد و مقدار محصول درختان خرما می&zwnj;شود. مبارزه با بیماری زگیل سیاه بریدن برگ&zwnj;های بسیار آلوده، جمع&zwnj;آوری و سوزاندن آنها. بریدن برگها زودتر از موعد ممکن است در رشد و نمو درخت اختلال ایجاد کند و محصول کم شود. برخی سمپاشی درختان بیمار با مخلوط بردو را توصیه می&zwnj;کنند حساسیت ارقام نخل خرما به این بیماری متفاوت است . ارقام برحی و خضراوی مقاوم، حلاوی و مجول و سایر نیمه حساس. دیری، دگلت نور و زاهدی خیلی حساسمد. حتی الامکان از ارقام حساس نسبت به این بیماری استفاده نشود و از آبیاری بارانی در نخلستان خودداری شود. پوسیدگی گل آذین نخل خرما پوسیدگی گل آذین نخل خرما که به آن حُامج هم گفته می&zwnj;شود، یکی از بیماری&zwnj;های مهم نخل خرما&nbsp; در سراسر منطقه دجله و فرات به خصوص در نواحی بین بغداد و سواحل خلیج فارس است. این بیماری هرساله( مخصوصا در سال&zwnj;هایی که هوا خنک و بارندگی زیاد است) خسارت هنگفتی به این محصول وارد می&zwnj;سازد. در ایران این بیماری سابقه طولانی داشته و شیوع آن تا کنون از مناطق خرماخیز اهواز، بلوچستان، فارس، قصرشیرین و اصفهان گزارش شده است. مطالعات انجام شده در خوزستان نشان داد که شیوع بیماری لکه&zwnj;ای است، یعنی در یک نخلستان، بعضی از درخت&zwnj;ها به شدت آلوده در حالی که در درخت&zwnj;های مجاور، آلودگی دیده نمی&zwnj;شود. شدت بیماری نیز از سالی به سال دیگر متفاوت است. ![](http://azarinsms.com/storage/app/media/unnamed-file-4.jpg) نشانه&zwnj;های بیماری پوسیدگی گل&zwnj;آذین نخل علایم این بیماری موقع ظهور اسپات&zwnj;های نخل خرما بروز می&zwnj;کنند. در این مواقع روی غلاف ناشکفته گل آذین، لکه&zwnj;های کم رنگ متمایل به قهوه&zwnj;ای تشکیل می&zwnj;شوند. این لکه&zwnj;ها را در مواقعی که اسپات&zwnj;ها زیر قاعده برگ&zwnj;ها نهفته&zwnj;اند میتوان دید. اسپات&zwnj;های به شدت آلوده، ممکن است اصلا نشکفند و گل&zwnj;آذین&zwnj;های داخل آن&zwnj;ها قهوه&zwnj;ای و فاسد شوند. بعد از شکاف برداشتن اسپات&zwnj;، نشانه&zwnj;های بیماری به صورت لکه&zwnj;های قهوه&zwnj;ای روی انشعاب گل&zwnj;آذین هم دیده می&zwnj;شوند. در مواردی که آلودگی شدید باشد، تمام قسمت&zwnj;های گل آذین قهوه&zwnj;ای و خشک می&zwnj;شوند. این حالت بیشتر در گل&zwnj;آذین&zwnj;های نر دیده می&zwnj;شود. مبارزه با بیماری پوسیدگی گل&zwnj;آذین نخل اعمال اقدامات بهداشتی توصیه می&zwnj;شود در اولین فرصت بعد از برداشت، تمام اسپات&zwnj;ها، خوشه&zwnj;ها و دیگر اندام&zwnj;های آلوده باقیمانده روی درخت یا ریخته شده بر کف باغ را به طور کامل جمع&zwnj;آوری کنند و در خارج از باغ بسوزانند. استفاده از قارچ&zwnj;کش&zwnj;ها از میان قرچکشهای ازمایش شده در ایران تیوفنات متیل، تیابندازول، تری دی مورف و پروپیکونازول تاثیر بهتری در کنترل بیماری داشته است. برای مبارزه شیمیایی با بیماری پوسیدگی گلآذین نخل خرما توصیه میشود قسمت&zwnj;های انتهایی درختان خرما حداقل دوبار سمپاشی شوند. دفعه اول بلافاصله پس از برداشت محصول و اعمال اقدامات بهداشتی و دفعه دوم در اواخر زمستان یا اوایل فروردین همزمان یا عبور و خروج اسپات&zwnj;های جوان از بُن دمبرگها و الیاف اطراف آن&zwnj;ها. استفاده از ارقام مقاوم بررسی&zwnj;های انجام شده در منطقه شادگان، بهبهان و اهواز نشان داد که حساسیت ارقام نخل خرما در برابر پوسیدگی گل&zwnj;آذین متفاوت است و خضراوی، خاصی، خیلی حساس. بریم و گنطار حساس. کبکاب و برحی نسبتا حساس. زاهدی مقاوم و دیری و حلاوی بسیار مقاومند. ![](http://azarinsms.com/storage/app/media/unnamed-file-3.jpg) خشکیدگی خوشه خرما عارضه خشکیدگی خوشه خرما نخستین بار در سال ۱۳۶۸ از منطقه قلعه گنج شهرستان کهنوج روی درخت خرمای مضافتی گزارش شد. این بیماری در سال&zwnj;های اخیر زیان هنگفتی به محصول خرمای مناطق مختلف به ویژه جیرفت، بم&times; کهنوج، بوشهر، هرمزگان و خوزستان وارد کرده است. نشانه&zwnj;های بیماری خشکیدگی خوشه خرما پژمردگی ناگهانی حبه&zwnj;های خرما در مرحله تبدیل خارک به رطب و به دنبال آن خشکیدن حبه&zwnj;ها، بروز لکه&zwnj;های قهوه&zwnj;ای روی محور اصلی خوشه در محل اتصال به درخت و سر انجام سوختگی خوشک&zwnj;ها از نشانه&zwnj;های بارز این بیماری است. در بعضی موارد، نوارهایی به رنگ قهوه&zwnj;ای در سطحح فوقانی دم خوشه&zwnj;ها نیز مشاهده می&zwnj;شود. نشانه&zwnj;های پژمردگی و خشکیدگی خوشه خرما روی خوشه&zwnj;های نرخرمای مضافتی، کلوته، مرداسنگ، خاصی، کبکاب، بریم و برحی دیده شده&zwnj;اند. مبارزه با بیماری خشکیدگی خوشه خرما اقدام&zwnj;هایی مانند میانه&zwnj;کاری نخلستان با یونجه و سورگوم، پوشش خوشه&zwnj;های خرما با سبد حصیری قبل از رنگ گرفتن حبه&zwnj;ها، آبیاری مناسب و به موقع و تغذیه مناسب درختان راهکارهای عملی هستند که برای پیشگیری و کاهش خسارت پیشنهاد شده&zwnj;اند. منبع: اشکان، محمد(1390)، بیماری&zwnj;های مهم درختان میوه در ایران.</p>', 19, 1, 19, 1, 2, '2020-09-17 06:51:06', '2020-09-17 06:51:06');

-- --------------------------------------------------------

--
-- Table structure for table `article_groups`
--

CREATE TABLE `article_groups` (
  `id` bigint(20) UNSIGNED NOT NULL,
  `name` varchar(255) COLLATE utf8mb4_unicode_ci NOT NULL,
  `title` varchar(255) COLLATE utf8mb4_unicode_ci NOT NULL,
  `url` varchar(255) COLLATE utf8mb4_unicode_ci NOT NULL,
  `description` text COLLATE utf8mb4_unicode_ci,
  `lang_id` bigint(20) UNSIGNED NOT NULL,
  `created_at` timestamp NULL DEFAULT NULL,
  `updated_at` timestamp NULL DEFAULT NULL
) ENGINE=InnoDB DEFAULT CHARSET=utf8mb4 COLLATE=utf8mb4_unicode_ci;

--
-- Dumping data for table `article_groups`
--

INSERT INTO `article_groups` (`id`, `name`, `title`, `url`, `description`, `lang_id`, `created_at`, `updated_at`) VALUES
(1, 'مرکبات', 'مرکبات', 'مرکبات', NULL, 1, '2020-09-13 08:58:26', '2020-09-13 08:58:26'),
(2, 'پایه های مرکبات', 'پایه های مرکبات', 'پایه-های-مرکبات', NULL, 1, '2020-09-13 08:59:07', '2020-09-13 08:59:07'),
(3, 'آفات و بیماریهای مرکبات', 'آفات و بیماریهای مرکبات', 'آفات-و-بیماریهای-مرکبات', NULL, 1, '2020-09-17 06:18:21', '2020-09-17 06:18:21'),
(4, 'ارقام مرکبات', 'ارقام مرکبات', 'ارقام-مرکبات', NULL, 1, '2020-09-17 06:19:06', '2020-09-17 06:19:06'),
(5, 'درخت خرما', 'درخت خرما', 'درخت-خرما', NULL, 1, '2020-09-17 06:19:17', '2020-09-17 06:19:17'),
(6, 'درخت انجیر', 'درخت انجیر', 'درخت-انجیر', NULL, 1, '2020-09-17 06:19:26', '2020-09-17 06:19:26'),
(7, 'درخت زیتون', 'درخت زیتون', 'درخت-زیتون', NULL, 1, '2020-09-17 06:19:36', '2020-09-17 06:19:36'),
(8, 'درخت انار', 'درخت انار', 'درخت-انار', NULL, 1, '2020-09-17 06:19:45', '2020-09-17 06:19:45'),
(9, 'درخت سیب', 'درخت سیب', 'درخت-سیب', NULL, 1, '2020-09-17 06:19:54', '2020-09-17 06:19:54');

-- --------------------------------------------------------

--
-- Table structure for table `article_tag`
--

CREATE TABLE `article_tag` (
  `article_id` bigint(20) UNSIGNED NOT NULL,
  `tag_id` bigint(20) UNSIGNED NOT NULL
) ENGINE=InnoDB DEFAULT CHARSET=utf8mb4 COLLATE=utf8mb4_unicode_ci;

-- --------------------------------------------------------

--
-- Table structure for table `article_types`
--

CREATE TABLE `article_types` (
  `id` bigint(20) UNSIGNED NOT NULL,
  `type` varchar(255) COLLATE utf8mb4_unicode_ci NOT NULL,
  `created_at` timestamp NULL DEFAULT NULL,
  `updated_at` timestamp NULL DEFAULT NULL
) ENGINE=InnoDB DEFAULT CHARSET=utf8mb4 COLLATE=utf8mb4_unicode_ci;

--
-- Dumping data for table `article_types`
--

INSERT INTO `article_types` (`id`, `type`, `created_at`, `updated_at`) VALUES
(1, 'عنوان', '2020-09-13 08:53:01', '2020-09-13 08:53:01'),
(2, 'متن', '2020-09-13 08:53:01', '2020-09-13 08:53:01'),
(3, 'تصویر', '2020-09-13 08:53:01', '2020-09-13 08:53:01');

-- --------------------------------------------------------

--
-- Table structure for table `attributes`
--

CREATE TABLE `attributes` (
  `id` bigint(20) UNSIGNED NOT NULL,
  `title` varchar(255) COLLATE utf8mb4_unicode_ci NOT NULL,
  `description` varchar(255) COLLATE utf8mb4_unicode_ci DEFAULT NULL,
  `created_at` timestamp NULL DEFAULT NULL,
  `updated_at` timestamp NULL DEFAULT NULL
) ENGINE=InnoDB DEFAULT CHARSET=utf8mb4 COLLATE=utf8mb4_unicode_ci;

--
-- Dumping data for table `attributes`
--

INSERT INTO `attributes` (`id`, `title`, `description`, `created_at`, `updated_at`) VALUES
(1, 'ویژگی های کود', NULL, '2020-09-13 09:52:52', '2020-09-13 09:57:58');

-- --------------------------------------------------------

--
-- Table structure for table `attribute_category`
--

CREATE TABLE `attribute_category` (
  `attribute_id` bigint(20) UNSIGNED NOT NULL,
  `category_id` bigint(20) UNSIGNED NOT NULL
) ENGINE=InnoDB DEFAULT CHARSET=utf8mb4 COLLATE=utf8mb4_unicode_ci;

--
-- Dumping data for table `attribute_category`
--

INSERT INTO `attribute_category` (`attribute_id`, `category_id`) VALUES
(1, 2);

-- --------------------------------------------------------

--
-- Table structure for table `brands`
--

CREATE TABLE `brands` (
  `id` bigint(20) UNSIGNED NOT NULL,
  `name` varchar(255) COLLATE utf8mb4_unicode_ci NOT NULL,
  `description` varchar(255) COLLATE utf8mb4_unicode_ci DEFAULT NULL,
  `created_at` timestamp NULL DEFAULT NULL,
  `updated_at` timestamp NULL DEFAULT NULL
) ENGINE=InnoDB DEFAULT CHARSET=utf8mb4 COLLATE=utf8mb4_unicode_ci;

-- --------------------------------------------------------

--
-- Table structure for table `categories`
--

CREATE TABLE `categories` (
  `id` bigint(20) UNSIGNED NOT NULL,
  `name` varchar(255) COLLATE utf8mb4_unicode_ci NOT NULL,
  `description` varchar(255) COLLATE utf8mb4_unicode_ci DEFAULT NULL,
  `parent_id` bigint(20) NOT NULL DEFAULT '0',
  `last` int(11) NOT NULL DEFAULT '1',
  `hidden` int(11) NOT NULL DEFAULT '0',
  `created_at` timestamp NULL DEFAULT NULL,
  `updated_at` timestamp NULL DEFAULT NULL
) ENGINE=InnoDB DEFAULT CHARSET=utf8mb4 COLLATE=utf8mb4_unicode_ci;

--
-- Dumping data for table `categories`
--

INSERT INTO `categories` (`id`, `name`, `description`, `parent_id`, `last`, `hidden`, `created_at`, `updated_at`) VALUES
(1, 'فروشگاه', NULL, 0, 0, 0, '2020-09-13 09:17:43', '2020-09-19 08:29:51'),
(2, 'کود', NULL, 1, 1, 0, '2020-09-13 09:17:51', '2020-09-13 09:17:51'),
(3, 'سموم کشاورزی', NULL, 1, 1, 0, '2020-09-19 08:29:51', '2020-09-19 08:29:51');

-- --------------------------------------------------------

--
-- Table structure for table `colors`
--

CREATE TABLE `colors` (
  `id` bigint(20) UNSIGNED NOT NULL,
  `name` varchar(255) COLLATE utf8mb4_unicode_ci NOT NULL,
  `hexcode` varchar(255) COLLATE utf8mb4_unicode_ci NOT NULL,
  `created_at` timestamp NULL DEFAULT NULL,
  `updated_at` timestamp NULL DEFAULT NULL
) ENGINE=InnoDB DEFAULT CHARSET=utf8mb4 COLLATE=utf8mb4_unicode_ci;

-- --------------------------------------------------------

--
-- Table structure for table `color_product`
--

CREATE TABLE `color_product` (
  `color_id` bigint(20) UNSIGNED NOT NULL,
  `product_id` bigint(20) UNSIGNED NOT NULL
) ENGINE=InnoDB DEFAULT CHARSET=utf8mb4 COLLATE=utf8mb4_unicode_ci;

-- --------------------------------------------------------

--
-- Table structure for table `comments`
--

CREATE TABLE `comments` (
  `id` bigint(20) UNSIGNED NOT NULL,
  `title` varchar(255) COLLATE utf8mb4_unicode_ci NOT NULL,
  `comment` text COLLATE utf8mb4_unicode_ci NOT NULL,
  `parent_id` bigint(20) NOT NULL DEFAULT '0',
  `publish` tinyint(1) NOT NULL DEFAULT '0',
  `user_id` bigint(20) UNSIGNED NOT NULL,
  `product_id` bigint(20) UNSIGNED NOT NULL,
  `answer_flag` tinyint(1) NOT NULL DEFAULT '0',
  `likecounter` int(11) NOT NULL DEFAULT '0',
  `dislikecounter` int(11) NOT NULL DEFAULT '0',
  `created_at` timestamp NULL DEFAULT NULL,
  `updated_at` timestamp NULL DEFAULT NULL
) ENGINE=InnoDB DEFAULT CHARSET=utf8mb4 COLLATE=utf8mb4_unicode_ci;

-- --------------------------------------------------------

--
-- Table structure for table `contactuses`
--

CREATE TABLE `contactuses` (
  `id` bigint(20) UNSIGNED NOT NULL,
  `name` varchar(255) COLLATE utf8mb4_unicode_ci DEFAULT NULL,
  `family` varchar(255) COLLATE utf8mb4_unicode_ci DEFAULT NULL,
  `email` varchar(255) COLLATE utf8mb4_unicode_ci DEFAULT NULL,
  `mobile` varchar(255) COLLATE utf8mb4_unicode_ci DEFAULT NULL,
  `address` varchar(255) COLLATE utf8mb4_unicode_ci DEFAULT NULL,
  `message` text COLLATE utf8mb4_unicode_ci,
  `created_at` timestamp NULL DEFAULT NULL,
  `updated_at` timestamp NULL DEFAULT NULL
) ENGINE=InnoDB DEFAULT CHARSET=utf8mb4 COLLATE=utf8mb4_unicode_ci;

-- --------------------------------------------------------

--
-- Table structure for table `customers`
--

CREATE TABLE `customers` (
  `id` bigint(20) UNSIGNED NOT NULL,
  `company_name` varchar(255) COLLATE utf8mb4_unicode_ci DEFAULT NULL,
  `company_name_en` varchar(255) COLLATE utf8mb4_unicode_ci DEFAULT NULL,
  `description` text COLLATE utf8mb4_unicode_ci,
  `address` varchar(255) COLLATE utf8mb4_unicode_ci DEFAULT NULL,
  `logo` tinyint(1) NOT NULL DEFAULT '0',
  `created_at` timestamp NULL DEFAULT NULL,
  `updated_at` timestamp NULL DEFAULT NULL
) ENGINE=InnoDB DEFAULT CHARSET=utf8mb4 COLLATE=utf8mb4_unicode_ci;

-- --------------------------------------------------------

--
-- Table structure for table `filemanagers`
--

CREATE TABLE `filemanagers` (
  `id` bigint(20) UNSIGNED NOT NULL,
  `randomnum` varchar(255) COLLATE utf8mb4_unicode_ci NOT NULL,
  `product_id` bigint(20) UNSIGNED DEFAULT NULL,
  `article_id` bigint(20) UNSIGNED DEFAULT NULL,
  `created_at` timestamp NULL DEFAULT NULL,
  `updated_at` timestamp NULL DEFAULT NULL
) ENGINE=InnoDB DEFAULT CHARSET=utf8mb4 COLLATE=utf8mb4_unicode_ci;

-- --------------------------------------------------------

--
-- Table structure for table `galleries`
--

CREATE TABLE `galleries` (
  `id` bigint(20) UNSIGNED NOT NULL,
  `product_id` bigint(20) UNSIGNED DEFAULT NULL,
  `article_id` bigint(20) UNSIGNED DEFAULT NULL,
  `image` varchar(255) COLLATE utf8mb4_unicode_ci NOT NULL,
  `slider` tinyint(1) NOT NULL DEFAULT '0',
  `created_at` timestamp NULL DEFAULT NULL,
  `updated_at` timestamp NULL DEFAULT NULL
) ENGINE=InnoDB DEFAULT CHARSET=utf8mb4 COLLATE=utf8mb4_unicode_ci;

-- --------------------------------------------------------

--
-- Table structure for table `guarantees`
--

CREATE TABLE `guarantees` (
  `id` bigint(20) UNSIGNED NOT NULL,
  `companyname` varchar(255) COLLATE utf8mb4_unicode_ci NOT NULL,
  `time` varchar(255) COLLATE utf8mb4_unicode_ci NOT NULL,
  `label` varchar(255) COLLATE utf8mb4_unicode_ci NOT NULL,
  `description` varchar(255) COLLATE utf8mb4_unicode_ci DEFAULT NULL,
  `created_at` timestamp NULL DEFAULT NULL,
  `updated_at` timestamp NULL DEFAULT NULL
) ENGINE=InnoDB DEFAULT CHARSET=utf8mb4 COLLATE=utf8mb4_unicode_ci;

-- --------------------------------------------------------

--
-- Table structure for table `guarantee_product`
--

CREATE TABLE `guarantee_product` (
  `guarantee_id` bigint(20) UNSIGNED NOT NULL,
  `product_id` bigint(20) UNSIGNED NOT NULL
) ENGINE=InnoDB DEFAULT CHARSET=utf8mb4 COLLATE=utf8mb4_unicode_ci;

-- --------------------------------------------------------

--
-- Table structure for table `images`
--

CREATE TABLE `images` (
  `id` bigint(20) UNSIGNED NOT NULL,
  `image` varchar(255) COLLATE utf8mb4_unicode_ci NOT NULL,
  `title` varchar(255) COLLATE utf8mb4_unicode_ci DEFAULT NULL,
  `link` varchar(255) COLLATE utf8mb4_unicode_ci DEFAULT NULL,
  `subtext` varchar(255) COLLATE utf8mb4_unicode_ci DEFAULT NULL,
  `slider_id` bigint(20) UNSIGNED NOT NULL,
  `created_at` timestamp NULL DEFAULT NULL,
  `updated_at` timestamp NULL DEFAULT NULL
) ENGINE=InnoDB DEFAULT CHARSET=utf8mb4 COLLATE=utf8mb4_unicode_ci;

-- --------------------------------------------------------

--
-- Table structure for table `keywords`
--

CREATE TABLE `keywords` (
  `id` bigint(20) UNSIGNED NOT NULL,
  `keyword` varchar(255) COLLATE utf8mb4_unicode_ci DEFAULT NULL,
  `article_id` bigint(20) UNSIGNED DEFAULT NULL,
  `article_group_id` bigint(20) UNSIGNED DEFAULT NULL,
  `setting` tinyint(1) NOT NULL DEFAULT '0',
  `setting_id` bigint(20) UNSIGNED NOT NULL DEFAULT '1',
  `created_at` timestamp NULL DEFAULT NULL,
  `updated_at` timestamp NULL DEFAULT NULL
) ENGINE=InnoDB DEFAULT CHARSET=utf8mb4 COLLATE=utf8mb4_unicode_ci;

-- --------------------------------------------------------

--
-- Table structure for table `langs`
--

CREATE TABLE `langs` (
  `id` bigint(20) UNSIGNED NOT NULL,
  `title` varchar(255) COLLATE utf8mb4_unicode_ci NOT NULL,
  `lang` varchar(255) COLLATE utf8mb4_unicode_ci NOT NULL,
  `created_at` timestamp NULL DEFAULT NULL,
  `updated_at` timestamp NULL DEFAULT NULL
) ENGINE=InnoDB DEFAULT CHARSET=utf8mb4 COLLATE=utf8mb4_unicode_ci;

--
-- Dumping data for table `langs`
--

INSERT INTO `langs` (`id`, `title`, `lang`, `created_at`, `updated_at`) VALUES
(1, 'فارسی', 'fa', NULL, NULL),
(2, 'english', 'en', NULL, NULL);

-- --------------------------------------------------------

--
-- Table structure for table `menus`
--

CREATE TABLE `menus` (
  `id` bigint(20) UNSIGNED NOT NULL,
  `name` varchar(255) COLLATE utf8mb4_unicode_ci NOT NULL,
  `description` text COLLATE utf8mb4_unicode_ci,
  `parent_id` bigint(20) UNSIGNED NOT NULL DEFAULT '0',
  `article_group_id` bigint(20) UNSIGNED DEFAULT NULL,
  `article_id` bigint(20) UNSIGNED DEFAULT NULL,
  `menu_group_id` bigint(20) UNSIGNED DEFAULT NULL,
  `url` varchar(255) COLLATE utf8mb4_unicode_ci NOT NULL,
  `created_at` timestamp NULL DEFAULT NULL,
  `updated_at` timestamp NULL DEFAULT NULL
) ENGINE=InnoDB DEFAULT CHARSET=utf8mb4 COLLATE=utf8mb4_unicode_ci;

-- --------------------------------------------------------

--
-- Table structure for table `menu_groups`
--

CREATE TABLE `menu_groups` (
  `id` bigint(20) UNSIGNED NOT NULL,
  `title` varchar(255) COLLATE utf8mb4_unicode_ci NOT NULL,
  `description` text COLLATE utf8mb4_unicode_ci,
  `created_at` timestamp NULL DEFAULT NULL,
  `updated_at` timestamp NULL DEFAULT NULL
) ENGINE=InnoDB DEFAULT CHARSET=utf8mb4 COLLATE=utf8mb4_unicode_ci;

-- --------------------------------------------------------

--
-- Table structure for table `migrations`
--

CREATE TABLE `migrations` (
  `id` int(10) UNSIGNED NOT NULL,
  `migration` varchar(255) COLLATE utf8mb4_unicode_ci NOT NULL,
  `batch` int(11) NOT NULL
) ENGINE=InnoDB DEFAULT CHARSET=utf8mb4 COLLATE=utf8mb4_unicode_ci;

--
-- Dumping data for table `migrations`
--

INSERT INTO `migrations` (`id`, `migration`, `batch`) VALUES
(1, '2014_10_12_000000_create_users_table', 1),
(2, '2014_10_12_100000_create_password_resets_table', 1),
(3, '2019_05_09_191801_create_roles_and_permissions_table', 1),
(4, '2019_05_10_180920_create_langs_table', 1),
(5, '2019_05_11_122637_create_brands_table', 1),
(6, '2019_05_11_151838_create_categories_table', 1),
(7, '2019_05_12_005927_create_stores_table', 1),
(8, '2019_05_12_085536_create_products_table', 1),
(9, '2019_05_14_080740_create_colors_table', 1),
(10, '2019_05_14_122638_create_guarantees_table', 1),
(11, '2019_05_14_180309_create_attributes_g_and_catattr_table', 1),
(12, '2019_05_14_181214_create_subattributes_and_proattr_table', 1),
(13, '2019_05_15_110344_create_settings_table', 1),
(14, '2019_05_18_061230_create_articles_table', 1),
(15, '2019_05_24_111823_create_filemanagers_table', 1),
(16, '2019_05_24_153347_create_galleries_table', 1),
(17, '2019_06_03_102006_create_tags_table', 1),
(18, '2019_06_04_111116_create_comments_table', 1),
(19, '2019_06_16_180453_create_userinfos_table', 1),
(20, '2019_06_20_182035_create_sliders_table', 1),
(21, '2019_07_12_191043_create_pdfs_table', 1),
(22, '2019_07_13_121154_create_contactuses_table', 1),
(23, '2019_07_15_143019_create_customers_table', 1),
(24, '2019_07_21_230716_create_articleattrs_table', 1),
(25, '2019_09_21_174315_create_videos_table', 1),
(26, '2019_11_01_184549_create_menu_groups_table', 1),
(27, '2019_11_01_192654_create_menus_table', 1);

-- --------------------------------------------------------

--
-- Table structure for table `password_resets`
--

CREATE TABLE `password_resets` (
  `email` varchar(255) COLLATE utf8mb4_unicode_ci NOT NULL,
  `token` varchar(255) COLLATE utf8mb4_unicode_ci NOT NULL,
  `created_at` timestamp NULL DEFAULT NULL
) ENGINE=InnoDB DEFAULT CHARSET=utf8mb4 COLLATE=utf8mb4_unicode_ci;

-- --------------------------------------------------------

--
-- Table structure for table `pdfs`
--

CREATE TABLE `pdfs` (
  `id` bigint(20) UNSIGNED NOT NULL,
  `name` varchar(255) COLLATE utf8mb4_unicode_ci NOT NULL,
  `article_id` bigint(20) UNSIGNED NOT NULL,
  `created_at` timestamp NULL DEFAULT NULL,
  `updated_at` timestamp NULL DEFAULT NULL
) ENGINE=InnoDB DEFAULT CHARSET=utf8mb4 COLLATE=utf8mb4_unicode_ci;

-- --------------------------------------------------------

--
-- Table structure for table `permissions`
--

CREATE TABLE `permissions` (
  `id` bigint(20) UNSIGNED NOT NULL,
  `title` varchar(255) COLLATE utf8mb4_unicode_ci NOT NULL,
  `permission` varchar(255) COLLATE utf8mb4_unicode_ci DEFAULT NULL,
  `created_at` timestamp NULL DEFAULT NULL,
  `updated_at` timestamp NULL DEFAULT NULL
) ENGINE=InnoDB DEFAULT CHARSET=utf8mb4 COLLATE=utf8mb4_unicode_ci;

--
-- Dumping data for table `permissions`
--

INSERT INTO `permissions` (`id`, `title`, `permission`, `created_at`, `updated_at`) VALUES
(1, 'حذف کاربر', 'delete_user', '2020-09-13 08:52:59', NULL),
(2, 'ویرایش کاربر', 'edit_user', '2020-09-13 08:52:59', NULL),
(3, 'افزودن کاربر', 'add_user', '2020-09-13 08:52:59', NULL),
(4, 'حذف محصول', 'delete_product', '2020-09-13 08:52:59', NULL),
(5, 'افزودن محصول', 'add_product', '2020-09-13 08:52:59', NULL),
(6, 'ویرایش محصول', 'edit_product', '2020-09-13 08:52:59', NULL),
(7, 'افزودن مطلب', 'add_article', '2020-09-13 08:52:59', NULL),
(8, 'حذف مطلب', 'delete_article', '2020-09-13 08:52:59', NULL),
(9, 'ویرایش مطلب', 'edit_article', '2020-09-13 08:52:59', NULL),
(10, 'دسترسی ها', 'permission_access', '2020-09-13 08:52:59', NULL);

-- --------------------------------------------------------

--
-- Table structure for table `permission_role`
--

CREATE TABLE `permission_role` (
  `permission_id` bigint(20) UNSIGNED NOT NULL,
  `role_id` bigint(20) UNSIGNED NOT NULL
) ENGINE=InnoDB DEFAULT CHARSET=utf8mb4 COLLATE=utf8mb4_unicode_ci;

--
-- Dumping data for table `permission_role`
--

INSERT INTO `permission_role` (`permission_id`, `role_id`) VALUES
(1, 1),
(2, 1),
(3, 1),
(4, 1),
(5, 1),
(6, 1),
(7, 1),
(8, 1),
(9, 1),
(10, 1),
(7, 3),
(8, 3),
(9, 3),
(4, 4),
(5, 4),
(6, 4);

-- --------------------------------------------------------

--
-- Table structure for table `products`
--

CREATE TABLE `products` (
  `id` bigint(20) UNSIGNED NOT NULL,
  `faname` varchar(255) COLLATE utf8mb4_unicode_ci NOT NULL,
  `enname` varchar(255) COLLATE utf8mb4_unicode_ci DEFAULT NULL,
  `price` int(11) NOT NULL,
  `discount` int(11) NOT NULL DEFAULT '0',
  `image` tinyint(1) NOT NULL DEFAULT '0',
  `publish` tinyint(1) NOT NULL DEFAULT '0',
  `special` tinyint(1) NOT NULL DEFAULT '0',
  `category_id` bigint(20) UNSIGNED NOT NULL,
  `store_id` bigint(20) UNSIGNED DEFAULT NULL,
  `brand_id` bigint(20) UNSIGNED DEFAULT NULL,
  `tedad` int(11) NOT NULL DEFAULT '0',
  `sellcounter` bigint(20) NOT NULL DEFAULT '0',
  `seencounter` bigint(20) NOT NULL DEFAULT '0',
  `like` int(11) NOT NULL DEFAULT '0',
  `naghd` text COLLATE utf8mb4_unicode_ci,
  `created_at` timestamp NULL DEFAULT NULL,
  `updated_at` timestamp NULL DEFAULT NULL
) ENGINE=InnoDB DEFAULT CHARSET=utf8mb4 COLLATE=utf8mb4_unicode_ci;

--
-- Dumping data for table `products`
--

INSERT INTO `products` (`id`, `faname`, `enname`, `price`, `discount`, `image`, `publish`, `special`, `category_id`, `store_id`, `brand_id`, `tedad`, `sellcounter`, `seencounter`, `like`, `naghd`, `created_at`, `updated_at`) VALUES
(1, 'آلگالیو', 'Algaliv', 1000000, 0, 1, 1, 0, 2, NULL, NULL, 1, 0, 0, 0, '<p><strong>خصوصیات کود آلگالیو</strong></p>\n<p>1-فعال کننده رشد رویشی و تولید گل میوه</p>\n<p>2-افزایش رشد میوه</p>\n<p>3- ضدتنش و استرس های محیطی و مقاومت در برابر تنش های ناشی از مصرف سموم</p>\n<p>4-قابلیت محلول پاشی و مصرف در خاک</p>\n<p>5-افزایش خواص کمی و کیفی میوه</p>\n<p>6-افزایش میوه در سال ها کم بازده</p>\n<p>&nbsp;</p>\n<p><strong>میزان مصرف:</strong></p>\n<p>درختان میوه: 5 لیتر، 2-3 لیتر در هزار</p>\n<p>مرکبات: 5 لیتر، 3-4 لیتر در هزار</p>\n<p>پسته: 5 لیتر، 2-3 لیتر در هزار</p>\n<p>گندم و برنج: 5 لیتر، 2-3 لیتر در هزار</p>\n<p>صیفی&zwnj;جات: 4 لیتر، 2-3 لیتر در هزار</p>\n<p>گوجه&zwnj;فرنگی: 4 لیتر، 2-3 لیتر در هزار</p>\n<p>سیب&zwnj;زمینی: 4 لیتر، 2-3 لیتر در هزار</p>\n<p>ذرت: 5 لیتر، 3-4 لیتر در هزار</p>', '2020-09-13 09:20:34', '2020-09-19 09:04:44'),
(2, 'آیرون فرت اولتر 5', 'Iron5', 100000, 0, 1, 1, 0, 2, NULL, NULL, 20, 0, 0, 0, '<p><strong>میزان مصرف</strong></p>\n<p>مرکبات: ۱۰-۴۰ گرم برای هر درخت جوان (۲ بار در طی رشد رویشی)و ۴۰ تا ۱۰۰ گرم برای هر درخت بالغ( یکبار در پاییز)</p>\n<p>درختان میوه: ۱۵ تا ۳۰ گرم برای هر درخت جوان و ۳۰ تا ۸۰ گرم&nbsp; برای هر درخت بالغ (۲ بار در طی رشد رویشی)</p>\n<p>انگور: ۵-۱۰ گرم برای هر درخت جوان و ۱۰ تا ۲۰ گرم برای هر درخت بالغ ( پیش از باز شدن جوانه&zwnj;ها یا با مشاهده اولین علائم کمبود)</p>\n<p>گیاهان زراعی: ۲-۵ کیلو در هکتار (۴-۶ هفته پس از نشا، پیش از گلدهی)</p>\n<p>سبزیجات، گیاهان زینتی و نهالستانها: ۲-۵ گرم در هر متر مربع ( در دوره بهاره، با مشاهده اولین علائم کمبود)</p>\n<p>هیدروپونیک: ۱۷ گرم در ۱۰۰۰ لیتر آب</p>\n<p>نحوه مصرف: همراه با آبیاری</p>\n<p>&nbsp;</p>\n<p><strong>خصوصیات آیرون فرت اولترا</strong></p>\n<p>1-آیرون فرت اولترا کلات EDDhA از آهن بوده که جهت استفاده در خاکهای بسیار اسیدی تا بسیار قلیایی مناسب است.</p>\n<p>2-این کلات با برخورداری از درصد مناسبی از ارتو-ارتو یکی از بهترین و موثرترین کودهای آهن موجود در بازار محسوب می&zwnj;شود.</p>\n<p>3-همچنین این محصول مقاومت زیادی در برابر شرایط قلیایی خاک داشته و ازطرفی باعث محلول سازی و جذب آهن تثبیت شده در خاک می&zwnj;شود.</p>\n<p>4-این محصول قابلیت اختلاط با اکثر کودها حتی ترکیبات حاوی فسفات جهت مصرف خاکی را دارد.</p>\n<p>*نکته قابل توجه اینکه از اختلاط با کودهای حاوی ترکیبات مسی و فلزات سنگین و&nbsp; از محلول پاشی این محصول خودداری کنید.</p>\n<p>*نحوه مصرف آیرون فرت اولترا، همراه با آبیاری است.</p>', '2020-09-19 07:26:13', '2020-09-19 07:29:30'),
(3, 'آیرون فرت اولتر 20', 'Iron20', 350000, 0, 1, 1, 0, 2, NULL, NULL, 20, 0, 0, 0, '<p><strong>میزان مصرف</strong></p>\r\n<p>مرکبات: ۱۰-۴۰ گرم برای هر درخت جوان (۲ بار در طی رشد رویشی)و ۴۰ تا ۱۰۰ گرم برای هر درخت بالغ( یکبار در پاییز)</p>\r\n<p>درختان میوه: ۱۵ تا ۳۰ گرم برای هر درخت جوان و ۳۰ تا ۸۰ گرم&nbsp; برای هر درخت بالغ (۲ بار در طی رشد رویشی)</p>\r\n<p>انگور: ۵-۱۰ گرم برای هر درخت جوان و ۱۰ تا ۲۰ گرم برای هر درخت بالغ ( پیش از باز شدن جوانه&zwnj;ها یا با مشاهده اولین علائم کمبود)</p>\r\n<p>گیاهان زراعی: ۲-۵ کیلو در هکتار (۴-۶ هفته پس از نشا، پیش از گلدهی)</p>\r\n<p>سبزیجات، گیاهان زینتی و نهالستانها: ۲-۵ گرم در هر متر مربع ( در دوره بهاره، با مشاهده اولین علائم کمبود)</p>\r\n<p>هیدروپونیک: ۱۷ گرم در ۱۰۰۰ لیتر آب</p>\r\n<p>نحوه مصرف: همراه با آبیاری</p>\r\n<p>&nbsp;</p>\r\n<p><strong>خصوصیات آیرون فرت اولترا</strong></p>\r\n<p>1-آیرون فرت اولترا کلات EDDhA از آهن بوده که جهت استفاده در خاکهای بسیار اسیدی تا بسیار قلیایی مناسب است.</p>\r\n<p>2-این کلات با برخورداری از درصد مناسبی از ارتو-ارتو یکی از بهترین و موثرترین کودهای آهن موجود در بازار محسوب می&zwnj;شود.</p>\r\n<p>3-همچنین این محصول مقاومت زیادی در برابر شرایط قلیایی خاک داشته و ازطرفی باعث محلول سازی و جذب آهن تثبیت شده در خاک می&zwnj;شود.</p>\r\n<p>4-این محصول قابلیت اختلاط با اکثر کودها حتی ترکیبات حاوی فسفات جهت مصرف خاکی را دارد.</p>\r\n<p>*نکته قابل توجه اینکه از اختلاط با کودهای حاوی ترکیبات مسی و فلزات سنگین و&nbsp; از محلول پاشی این محصول خودداری کنید.</p>\r\n<p>*نحوه مصرف آیرون فرت اولترا، همراه با آبیاری است.</p>', '2020-09-19 07:26:13', '2020-09-19 07:34:23'),
(4, 'اصلاح کننده اوت سالت AMC', 'AMC', 100000, 0, 1, 1, 0, 2, NULL, NULL, 1, 0, 0, 0, '<p><strong>خصوصیات اصلاح کننده اوت سالت</strong></p>\n<p>1-اوت سالت یک محصول ویژه جهت اصلاح خاک&zwnj;های شور است. این محصول حاوی کلسیم بوده که با مولکول&zwnj;های سدیم در خاک پیوند برقرار نموده و باعث حذف سدیم اضافی از خاک و پایین آمدن میزان شوری می&zwnj;گردد.</p>\n<p>2-همچنین مصرف #اوت_سالت باعث افزایش مواد آلی و بهبود ساختمان و دانه&zwnj;بندی خاک می&zwnj;شود.&nbsp;</p>\n<p>&nbsp;</p>\n<p>3-از طرفی جذب کلسیم موجود در این محصول توسط گیاه باعث افزایش کلسیم موجود در دیواره سلول&zwnj;ها شده و در نتیجه مدت زمان ماندگاری میوه در انبار را افزایش می&zwnj;دهد.</p>\n<p>&nbsp;</p>\n<p><strong>میزان مصرف</strong></p>\n<p style=\"box-sizing: border-box; margin: 0px 0px 10px; text-align: right; background-color: #ffffff;\"><span style=\"font-family: IRANSans, -apple-system, BlinkMacSystemFont, Segoe UI, Helvetica, Arial, sans-serif, Apple Color Emoji, Segoe UI Emoji, Segoe UI Symbol;\"><span style=\"font-size: 14px;\">۲۵ لیتر در ابتدای فصل و مابقی در ۳ یا ۴ بار آبیاری متوسر رو به سبک مورد مصرف قرار میگیرد.</span></span></p>\n<p style=\"box-sizing: border-box; margin: 0px 0px 10px; text-align: right; background-color: #ffffff;\"><span style=\"font-family: IRANSans, -apple-system, BlinkMacSystemFont, Segoe UI, Helvetica, Arial, sans-serif, Apple Color Emoji, Segoe UI Emoji, Segoe UI Symbol;\"><span style=\"font-size: 14px;\">از اختلاط با ترکیبات مسی، کلسیمی، روغن&zwnj;های معدنی، اسید سولفوریک و فسفریک خودداری نمائید.</span></span></p>', '2020-09-19 07:35:23', '2020-09-19 07:38:05'),
(5, 'ان پی کا گرانوله van Iperen', 'NPK', 1000000, 0, 1, 1, 0, 2, NULL, NULL, 1, 0, 0, 0, '<p><strong>خصوصیات ان پی کا گرانوله</strong></p>\n<p>1-گرانوله بودن NPKها ویژگی مهم این محصولات است به طوریکه هر کدام از دانه&zwnj;های گرانول شامل هر سه عنصر فسفر، ازت و پتاسیم هستند و یکی از موثرترین نوع این ان پی کاها در تامین عناصر اصلی این محصول است.</p>\n<p>2-ان پی کاهای گرانوله نوع یکنواختی از ان پی کاهاست که دارای مزایای مصرف بصورت سرک، پاشش دستی، توسط بذرکار، کودپاش و همراه آبیاری را دارند.</p>\n<p>3-مصرف آسان و بدون نیاز به سیستم آبیاری از دیگر ویژگیهای مناسب این نوع محصولات است.</p>\n<p>4-این کود فاقد هر گونه عناصر سنگین بوده و برای استفاده در انواع زراعتها و باغات مناسب است.</p>\n<p>&nbsp;</p>\n<p><strong>میزان مصرف</strong></p>\n<p>درختان میوه: از زمان رشد رویشی تا موقع رشد میوه، غلظت مصرف: ۲۰۰_۴۰۰کیلوگرم بر هکتار</p>\n<p>انگور: از زمان شکوفایی جوانه&zwnj;ها تا مرحله ۳_۴برگی، غلظت مصرف:۱۵۰_۳۵۰</p>\n<p>مركبات: بستگي به سن درخت مثمر از ٥٠٠ گرم تا ١٥٠٠ گرم</p>\n<p>سبزیجات و صیفی&zwnj;جات: ۲ بار مصرف؛قبل از انتقال نشا و در طی رشد رویشی، غلظت مصرف: ۲۰۰_۵۰۰</p>\n<p>سیب&zwnj;زمینی : شروع تشکیل غده، غلظت مصرف:۳۰۰_۴۰۰</p>\n<p>گوجه فرنگی: موقع گلدهی، غلظت مصرف : ۳۰۰ _۴۰۰ کیلوگرم بر هکتار</p>', '2020-09-19 07:41:52', '2020-09-19 07:43:49'),
(6, 'کود مرغ چیکن تک', 'chicken-tech', 100000, 0, 1, 1, 0, 2, NULL, NULL, 1, 0, 0, 0, '<p><strong>میزان مصرف:</strong></p>\n<p>مرکبات بزرگ: 2-4 کیلوگرم برای هر درخت</p>\n<p>مرکبات کوچک: 200-900 گرم برای هر درخت</p>\n<p>پسته: 600-800کیلوگرم برای هر هکتار</p>\n<p>درختان میوه: 600-750 کیلوگرم برای هر هکتار</p>\n<p>سبزیجات: 100-200 گرم برای هر متر مربع</p>\n<p>&nbsp;</p>\n<p><strong>خصوصیات کود مرغ چیکن تک</strong></p>\n<p>1-ساخته شده از مواد کاملا ارگانیک همراه با عناصر ماکرو ومیکرو فاقد بذر علفهای هرز وتخم آفات وبیماریها</p>\n<p>2- در باغات ومزارع قابل استفاده است</p>\n<p>3- 5-6 : PH</p>\n<p>4-نسبت کربن به ازت 8/1</p>\n<p>5- تغذیه ارگانیک وبه تدریج درختان در طول دوره خواب درختان</p>', '2020-09-19 07:45:39', '2020-09-19 08:03:16'),
(7, 'کود آهن آیرون تک 1148', 'Iron-tech', 1000000, 0, 1, 1, 0, 2, NULL, NULL, 1, 0, 0, 0, '<p><strong>میزان مصرف:</strong></p>\n<p>مرکبات: 50-200 گرم به ازاء هر درخت نسبت به سن درختان</p>\n<p>ذرت: 5-10 کیلوگرم در هکتار</p>\n<p>مزارع صیفی و سبزی: 2 کیلوگرم در هکتار</p>\n<p>&nbsp;</p>\n<p><strong>خصوصیات کود آهن آیرون تک 1148</strong></p>\n<p>1-در Ph بین 3-11 و در خاک های آهکی به خوبی جذب می شود</p>\n<p>2-ماندگاری طولانی در خاک نسبت به سایر کودهای مشابه</p>', '2020-09-19 08:04:13', '2020-09-19 08:06:10');

-- --------------------------------------------------------

--
-- Table structure for table `product_subattributes`
--

CREATE TABLE `product_subattributes` (
  `id` bigint(20) UNSIGNED NOT NULL,
  `product_id` bigint(20) UNSIGNED NOT NULL,
  `subattribute_id` bigint(20) UNSIGNED NOT NULL,
  `value` varchar(255) COLLATE utf8mb4_unicode_ci NOT NULL
) ENGINE=InnoDB DEFAULT CHARSET=utf8mb4 COLLATE=utf8mb4_unicode_ci;

--
-- Dumping data for table `product_subattributes`
--

INSERT INTO `product_subattributes` (`id`, `product_id`, `subattribute_id`, `value`) VALUES
(1, 1, 1, '15 درصد'),
(2, 1, 2, '0/2  درصد'),
(3, 1, 3, '7 درصد'),
(4, 1, 4, '0/1  درصد'),
(5, 1, 5, '10 درصد'),
(6, 1, 6, '0/05 درصد'),
(7, 1, 7, '0/2 درصد'),
(8, 1, 8, '15 درصد'),
(9, 2, 11, '5 کیلوگرمی'),
(10, 3, 11, '20 کیلوگرمی'),
(11, 4, 12, '65 درصد'),
(12, 4, 13, '21/5 درصد'),
(16, 6, 3, '3 درصد'),
(17, 6, 5, '6 درصد'),
(18, 6, 12, '75 درصد'),
(19, 6, 14, '4 درصد'),
(20, 6, 15, '3 درصد'),
(21, 6, 16, '10 درصد'),
(22, 6, 17, 'ناچیز'),
(23, 7, 18, '6 درصد'),
(24, 7, 19, '48 درصد'),
(25, 7, 20, 'ناچیز');

-- --------------------------------------------------------

--
-- Table structure for table `roles`
--

CREATE TABLE `roles` (
  `id` bigint(20) UNSIGNED NOT NULL,
  `title` varchar(255) COLLATE utf8mb4_unicode_ci NOT NULL,
  `role` varchar(255) COLLATE utf8mb4_unicode_ci DEFAULT NULL,
  `ordered` int(11) NOT NULL DEFAULT '1',
  `created_at` timestamp NULL DEFAULT NULL,
  `updated_at` timestamp NULL DEFAULT NULL
) ENGINE=InnoDB DEFAULT CHARSET=utf8mb4 COLLATE=utf8mb4_unicode_ci;

--
-- Dumping data for table `roles`
--

INSERT INTO `roles` (`id`, `title`, `role`, `ordered`, `created_at`, `updated_at`) VALUES
(1, 'مدیر ارشد', 'superadmin', 1, '2020-09-13 08:52:59', NULL),
(2, 'کاربر معمولی', 'user', 2, '2020-09-13 08:52:59', NULL),
(3, 'مدیر بلاگ', 'bloger', 3, '2020-09-13 10:09:58', '2020-09-13 10:09:58'),
(4, 'مدیر فروشگاه', 'shop admin', 4, '2020-09-13 10:13:11', '2020-09-13 10:13:11');

-- --------------------------------------------------------

--
-- Table structure for table `role_user`
--

CREATE TABLE `role_user` (
  `role_id` bigint(20) UNSIGNED NOT NULL,
  `user_id` bigint(20) UNSIGNED NOT NULL
) ENGINE=InnoDB DEFAULT CHARSET=utf8mb4 COLLATE=utf8mb4_unicode_ci;

--
-- Dumping data for table `role_user`
--

INSERT INTO `role_user` (`role_id`, `user_id`) VALUES
(1, 1),
(3, 2),
(4, 3);

-- --------------------------------------------------------

--
-- Table structure for table `settings`
--

CREATE TABLE `settings` (
  `id` bigint(20) UNSIGNED NOT NULL,
  `mobile` varchar(255) COLLATE utf8mb4_unicode_ci DEFAULT NULL,
  `lang` varchar(255) COLLATE utf8mb4_unicode_ci NOT NULL,
  `tellphone` varchar(255) COLLATE utf8mb4_unicode_ci DEFAULT NULL,
  `fax` varchar(255) COLLATE utf8mb4_unicode_ci DEFAULT NULL,
  `email` varchar(255) COLLATE utf8mb4_unicode_ci DEFAULT NULL,
  `address` varchar(255) COLLATE utf8mb4_unicode_ci DEFAULT NULL,
  `aboutus` text COLLATE utf8mb4_unicode_ci,
  `company_name` varchar(255) COLLATE utf8mb4_unicode_ci DEFAULT NULL,
  `site_title` varchar(255) COLLATE utf8mb4_unicode_ci DEFAULT NULL,
  `facebook` varchar(255) COLLATE utf8mb4_unicode_ci DEFAULT NULL,
  `instagram` varchar(255) COLLATE utf8mb4_unicode_ci DEFAULT NULL,
  `telegram` varchar(255) COLLATE utf8mb4_unicode_ci DEFAULT NULL,
  `googleplus` varchar(255) COLLATE utf8mb4_unicode_ci DEFAULT NULL,
  `whatsup` varchar(255) COLLATE utf8mb4_unicode_ci DEFAULT NULL,
  `linkedin` varchar(255) COLLATE utf8mb4_unicode_ci DEFAULT NULL,
  `googlemap` varchar(255) COLLATE utf8mb4_unicode_ci DEFAULT NULL,
  `twitter` varchar(255) COLLATE utf8mb4_unicode_ci DEFAULT NULL,
  `youtube` varchar(255) COLLATE utf8mb4_unicode_ci DEFAULT NULL,
  `aparat` varchar(255) COLLATE utf8mb4_unicode_ci DEFAULT NULL,
  `flag` varchar(255) COLLATE utf8mb4_unicode_ci DEFAULT NULL,
  `logo_image` varchar(255) COLLATE utf8mb4_unicode_ci DEFAULT NULL,
  `header_description` varchar(255) COLLATE utf8mb4_unicode_ci DEFAULT NULL,
  `catalog` tinyint(1) NOT NULL DEFAULT '0',
  `created_at` timestamp NULL DEFAULT NULL,
  `updated_at` timestamp NULL DEFAULT NULL
) ENGINE=InnoDB DEFAULT CHARSET=utf8mb4 COLLATE=utf8mb4_unicode_ci;

--
-- Dumping data for table `settings`
--

INSERT INTO `settings` (`id`, `mobile`, `lang`, `tellphone`, `fax`, `email`, `address`, `aboutus`, `company_name`, `site_title`, `facebook`, `instagram`, `telegram`, `googleplus`, `whatsup`, `linkedin`, `googlemap`, `twitter`, `youtube`, `aparat`, `flag`, `logo_image`, `header_description`, `catalog`, `created_at`, `updated_at`) VALUES
(1, NULL, 'fa', NULL, NULL, NULL, NULL, NULL, NULL, NULL, NULL, NULL, NULL, NULL, NULL, NULL, NULL, NULL, NULL, NULL, NULL, NULL, NULL, 0, NULL, NULL);

-- --------------------------------------------------------

--
-- Table structure for table `sliders`
--

CREATE TABLE `sliders` (
  `id` bigint(20) UNSIGNED NOT NULL,
  `title` varchar(255) COLLATE utf8mb4_unicode_ci NOT NULL,
  `publish` tinyint(1) NOT NULL DEFAULT '0',
  `lang_id` bigint(20) UNSIGNED NOT NULL DEFAULT '1',
  `created_at` timestamp NULL DEFAULT NULL,
  `updated_at` timestamp NULL DEFAULT NULL
) ENGINE=InnoDB DEFAULT CHARSET=utf8mb4 COLLATE=utf8mb4_unicode_ci;

-- --------------------------------------------------------

--
-- Table structure for table `stores`
--

CREATE TABLE `stores` (
  `id` bigint(20) UNSIGNED NOT NULL,
  `user_id` bigint(20) UNSIGNED NOT NULL,
  `name` varchar(255) COLLATE utf8mb4_unicode_ci NOT NULL,
  `state` varchar(255) COLLATE utf8mb4_unicode_ci DEFAULT NULL,
  `city` varchar(255) COLLATE utf8mb4_unicode_ci DEFAULT NULL,
  `address` varchar(255) COLLATE utf8mb4_unicode_ci DEFAULT NULL,
  `telephone` varchar(255) COLLATE utf8mb4_unicode_ci DEFAULT NULL,
  `postcode` varchar(255) COLLATE utf8mb4_unicode_ci DEFAULT NULL,
  `fax` varchar(255) COLLATE utf8mb4_unicode_ci DEFAULT NULL,
  `economic_num` varchar(255) COLLATE utf8mb4_unicode_ci DEFAULT NULL,
  `national_identity_num` varchar(255) COLLATE utf8mb4_unicode_ci DEFAULT NULL,
  `created_at` timestamp NULL DEFAULT NULL,
  `updated_at` timestamp NULL DEFAULT NULL
) ENGINE=InnoDB DEFAULT CHARSET=utf8mb4 COLLATE=utf8mb4_unicode_ci;

-- --------------------------------------------------------

--
-- Table structure for table `subattributes`
--

CREATE TABLE `subattributes` (
  `id` bigint(20) UNSIGNED NOT NULL,
  `title` varchar(255) COLLATE utf8mb4_unicode_ci NOT NULL,
  `description` varchar(255) COLLATE utf8mb4_unicode_ci DEFAULT NULL,
  `attribute_id` bigint(20) UNSIGNED NOT NULL,
  `created_at` timestamp NULL DEFAULT NULL,
  `updated_at` timestamp NULL DEFAULT NULL
) ENGINE=InnoDB DEFAULT CHARSET=utf8mb4 COLLATE=utf8mb4_unicode_ci;

--
-- Dumping data for table `subattributes`
--

INSERT INTO `subattributes` (`id`, `title`, `description`, `attribute_id`, `created_at`, `updated_at`) VALUES
(1, 'عصاره جلبک دریایی', NULL, 1, '2020-09-13 09:53:44', '2020-09-13 09:58:19'),
(2, 'روی', NULL, 1, '2020-09-13 09:58:24', '2020-09-13 09:58:24'),
(3, 'فسفر', NULL, 1, '2020-09-13 09:58:28', '2020-09-13 09:58:28'),
(4, 'مس', NULL, 1, '2020-09-13 09:58:32', '2020-09-13 09:58:32'),
(5, 'پتاس', NULL, 1, '2020-09-13 09:58:37', '2020-09-13 09:58:37'),
(6, 'مولبیدن', NULL, 1, '2020-09-13 09:58:43', '2020-09-13 09:58:43'),
(7, 'منگنز', NULL, 1, '2020-09-13 09:58:48', '2020-09-13 09:58:48'),
(8, 'بر', NULL, 1, '2020-09-13 09:58:53', '2020-09-13 09:58:53'),
(9, 'اسیدهای آمینه', NULL, 1, '2020-09-13 09:58:57', '2020-09-13 09:58:57'),
(10, 'هورمون‌ها(آسین، جیبرلین، سایتوکنین)', NULL, 1, '2020-09-13 09:59:05', '2020-09-13 09:59:05'),
(11, 'بسته بندی', NULL, 1, '2020-09-19 07:30:33', '2020-09-19 07:30:33'),
(12, 'مواد اورگانیک', NULL, 1, '2020-09-19 07:38:39', '2020-09-19 07:38:39'),
(13, 'CaO', NULL, 1, '2020-09-19 07:38:51', '2020-09-19 07:38:51'),
(14, 'ازت', NULL, 1, '2020-09-19 08:01:24', '2020-09-19 08:01:24'),
(15, 'کلسیم', NULL, 1, '2020-09-19 08:01:34', '2020-09-19 08:01:34'),
(16, 'سولفور', NULL, 1, '2020-09-19 08:01:43', '2020-09-19 08:01:43'),
(17, 'سایر میکرو منتها اعم از  آهن، روی، منگنز، مس، مولیبدن', NULL, 1, '2020-09-19 08:01:56', '2020-09-19 08:01:56'),
(18, 'آهن به صورت کلات EDDHA', NULL, 1, '2020-09-19 08:06:30', '2020-09-19 08:06:30'),
(19, 'آرتوارتو', NULL, 1, '2020-09-19 08:06:35', '2020-09-19 08:06:35'),
(20, 'باند شده با پتاسیم', NULL, 1, '2020-09-19 08:06:41', '2020-09-19 08:06:41');

-- --------------------------------------------------------

--
-- Table structure for table `subattribute_values`
--

CREATE TABLE `subattribute_values` (
  `id` bigint(20) UNSIGNED NOT NULL,
  `subattribute_id` bigint(20) UNSIGNED NOT NULL,
  `value` varchar(255) COLLATE utf8mb4_unicode_ci NOT NULL
) ENGINE=InnoDB DEFAULT CHARSET=utf8mb4 COLLATE=utf8mb4_unicode_ci;

--
-- Dumping data for table `subattribute_values`
--

INSERT INTO `subattribute_values` (`id`, `subattribute_id`, `value`) VALUES
(11, 1, '15 درصد'),
(12, 2, '0/2  درصد'),
(13, 3, '7 درصد'),
(14, 4, '0/1  درصد'),
(15, 5, '10 درصد'),
(16, 6, '0/05 درصد'),
(17, 7, '0/2 درصد'),
(18, 8, '15 درصد');

-- --------------------------------------------------------

--
-- Table structure for table `tags`
--

CREATE TABLE `tags` (
  `id` bigint(20) UNSIGNED NOT NULL,
  `tag` varchar(255) COLLATE utf8mb4_unicode_ci NOT NULL,
  `created_at` timestamp NULL DEFAULT NULL,
  `updated_at` timestamp NULL DEFAULT NULL
) ENGINE=InnoDB DEFAULT CHARSET=utf8mb4 COLLATE=utf8mb4_unicode_ci;

-- --------------------------------------------------------

--
-- Table structure for table `userinfos`
--

CREATE TABLE `userinfos` (
  `id` bigint(20) UNSIGNED NOT NULL,
  `user_id` bigint(20) UNSIGNED NOT NULL,
  `firstname` varchar(255) COLLATE utf8mb4_unicode_ci DEFAULT NULL,
  `lastname` varchar(255) COLLATE utf8mb4_unicode_ci DEFAULT NULL,
  `mellicode` varchar(255) COLLATE utf8mb4_unicode_ci DEFAULT NULL,
  `telephone` varchar(255) COLLATE utf8mb4_unicode_ci DEFAULT NULL,
  `mobile` varchar(255) COLLATE utf8mb4_unicode_ci DEFAULT NULL,
  `state` varchar(255) COLLATE utf8mb4_unicode_ci DEFAULT NULL,
  `city` varchar(255) COLLATE utf8mb4_unicode_ci DEFAULT NULL,
  `address` varchar(255) COLLATE utf8mb4_unicode_ci DEFAULT NULL,
  `postcode` varchar(255) COLLATE utf8mb4_unicode_ci DEFAULT NULL,
  `birthday` varchar(255) COLLATE utf8mb4_unicode_ci DEFAULT NULL,
  `newsflag` tinyint(1) NOT NULL DEFAULT '0',
  `created_at` timestamp NULL DEFAULT NULL,
  `updated_at` timestamp NULL DEFAULT NULL
) ENGINE=InnoDB DEFAULT CHARSET=utf8mb4 COLLATE=utf8mb4_unicode_ci;

-- --------------------------------------------------------

--
-- Table structure for table `users`
--

CREATE TABLE `users` (
  `id` bigint(20) UNSIGNED NOT NULL,
  `name` varchar(255) COLLATE utf8mb4_unicode_ci NOT NULL,
  `email` varchar(255) COLLATE utf8mb4_unicode_ci NOT NULL,
  `email_verified_at` timestamp NULL DEFAULT NULL,
  `password` varchar(255) COLLATE utf8mb4_unicode_ci NOT NULL,
  `remember_token` varchar(100) COLLATE utf8mb4_unicode_ci DEFAULT NULL,
  `created_at` timestamp NULL DEFAULT NULL,
  `updated_at` timestamp NULL DEFAULT NULL
) ENGINE=InnoDB DEFAULT CHARSET=utf8mb4 COLLATE=utf8mb4_unicode_ci;

--
-- Dumping data for table `users`
--

INSERT INTO `users` (`id`, `name`, `email`, `email_verified_at`, `password`, `remember_token`, `created_at`, `updated_at`) VALUES
(1, 'پشتیبان', 'soheil.a1899@gmail.com', NULL, '$2y$10$GIiiVFLnRyFDPKt0cRLtl.Yqxw9wGidbN/d1u9Ohr8E.o43/cbTcm', NULL, '2020-09-13 08:52:58', '2020-09-13 08:52:58'),
(2, 'مدیر وبلاگ', 'a@a.com', NULL, '$2y$10$EEY9YKQGZDu90paawkISauCyc3t5zmwn7Lmz.vlO9mIYEMqkULz4W', NULL, '2020-09-13 10:09:02', '2020-09-13 10:12:27'),
(3, 'مدیر فروشگاه', 'b@b.com', NULL, '$2y$10$qLME5E.Mopq1JKkkDeReYO2zxjwJaz.zFc5EH.qzLRCtj4SlVYM3S', NULL, '2020-09-13 10:12:49', '2020-09-13 10:12:49');

-- --------------------------------------------------------

--
-- Table structure for table `videos`
--

CREATE TABLE `videos` (
  `id` bigint(20) UNSIGNED NOT NULL,
  `name` varchar(255) COLLATE utf8mb4_unicode_ci NOT NULL,
  `article_id` bigint(20) UNSIGNED DEFAULT NULL,
  `product_id` bigint(20) UNSIGNED DEFAULT NULL,
  `created_at` timestamp NULL DEFAULT NULL,
  `updated_at` timestamp NULL DEFAULT NULL
) ENGINE=InnoDB DEFAULT CHARSET=utf8mb4 COLLATE=utf8mb4_unicode_ci;

--
-- Indexes for dumped tables
--

--
-- Indexes for table `articleattrs`
--
ALTER TABLE `articleattrs`
  ADD PRIMARY KEY (`id`),
  ADD KEY `articleattrs_article_id_foreign` (`article_id`);

--
-- Indexes for table `articles`
--
ALTER TABLE `articles`
  ADD PRIMARY KEY (`id`),
  ADD UNIQUE KEY `articles_url_unique` (`url`),
  ADD KEY `articles_article_group_id_foreign` (`article_group_id`),
  ADD KEY `articles_user_id_foreign` (`user_id`);

--
-- Indexes for table `article_contents`
--
ALTER TABLE `article_contents`
  ADD PRIMARY KEY (`id`),
  ADD KEY `article_contents_article_id_foreign` (`article_id`),
  ADD KEY `article_contents_article_type_id_foreign` (`article_type_id`);

--
-- Indexes for table `article_groups`
--
ALTER TABLE `article_groups`
  ADD PRIMARY KEY (`id`),
  ADD UNIQUE KEY `article_groups_url_unique` (`url`);

--
-- Indexes for table `article_tag`
--
ALTER TABLE `article_tag`
  ADD KEY `article_tag_article_id_foreign` (`article_id`),
  ADD KEY `article_tag_tag_id_foreign` (`tag_id`);

--
-- Indexes for table `article_types`
--
ALTER TABLE `article_types`
  ADD PRIMARY KEY (`id`);

--
-- Indexes for table `attributes`
--
ALTER TABLE `attributes`
  ADD PRIMARY KEY (`id`);

--
-- Indexes for table `attribute_category`
--
ALTER TABLE `attribute_category`
  ADD PRIMARY KEY (`attribute_id`,`category_id`),
  ADD KEY `attribute_category_category_id_foreign` (`category_id`);

--
-- Indexes for table `brands`
--
ALTER TABLE `brands`
  ADD PRIMARY KEY (`id`);

--
-- Indexes for table `categories`
--
ALTER TABLE `categories`
  ADD PRIMARY KEY (`id`);

--
-- Indexes for table `colors`
--
ALTER TABLE `colors`
  ADD PRIMARY KEY (`id`);

--
-- Indexes for table `color_product`
--
ALTER TABLE `color_product`
  ADD KEY `color_product_color_id_foreign` (`color_id`),
  ADD KEY `color_product_product_id_foreign` (`product_id`);

--
-- Indexes for table `comments`
--
ALTER TABLE `comments`
  ADD PRIMARY KEY (`id`),
  ADD KEY `comments_user_id_foreign` (`user_id`),
  ADD KEY `comments_product_id_foreign` (`product_id`);

--
-- Indexes for table `contactuses`
--
ALTER TABLE `contactuses`
  ADD PRIMARY KEY (`id`);

--
-- Indexes for table `customers`
--
ALTER TABLE `customers`
  ADD PRIMARY KEY (`id`);

--
-- Indexes for table `filemanagers`
--
ALTER TABLE `filemanagers`
  ADD PRIMARY KEY (`id`),
  ADD KEY `filemanagers_product_id_foreign` (`product_id`),
  ADD KEY `filemanagers_article_id_foreign` (`article_id`);

--
-- Indexes for table `galleries`
--
ALTER TABLE `galleries`
  ADD PRIMARY KEY (`id`),
  ADD KEY `galleries_product_id_foreign` (`product_id`),
  ADD KEY `galleries_article_id_foreign` (`article_id`);

--
-- Indexes for table `guarantees`
--
ALTER TABLE `guarantees`
  ADD PRIMARY KEY (`id`);

--
-- Indexes for table `guarantee_product`
--
ALTER TABLE `guarantee_product`
  ADD KEY `guarantee_product_guarantee_id_foreign` (`guarantee_id`),
  ADD KEY `guarantee_product_product_id_foreign` (`product_id`);

--
-- Indexes for table `images`
--
ALTER TABLE `images`
  ADD PRIMARY KEY (`id`),
  ADD KEY `images_slider_id_foreign` (`slider_id`);

--
-- Indexes for table `keywords`
--
ALTER TABLE `keywords`
  ADD PRIMARY KEY (`id`),
  ADD KEY `keywords_article_id_foreign` (`article_id`),
  ADD KEY `keywords_article_group_id_foreign` (`article_group_id`),
  ADD KEY `keywords_setting_id_foreign` (`setting_id`);

--
-- Indexes for table `langs`
--
ALTER TABLE `langs`
  ADD PRIMARY KEY (`id`);

--
-- Indexes for table `menus`
--
ALTER TABLE `menus`
  ADD PRIMARY KEY (`id`),
  ADD UNIQUE KEY `menus_url_unique` (`url`),
  ADD KEY `menus_article_group_id_foreign` (`article_group_id`),
  ADD KEY `menus_article_id_foreign` (`article_id`),
  ADD KEY `menus_menu_group_id_foreign` (`menu_group_id`);

--
-- Indexes for table `menu_groups`
--
ALTER TABLE `menu_groups`
  ADD PRIMARY KEY (`id`);

--
-- Indexes for table `migrations`
--
ALTER TABLE `migrations`
  ADD PRIMARY KEY (`id`);

--
-- Indexes for table `password_resets`
--
ALTER TABLE `password_resets`
  ADD KEY `password_resets_email_index` (`email`);

--
-- Indexes for table `pdfs`
--
ALTER TABLE `pdfs`
  ADD PRIMARY KEY (`id`),
  ADD KEY `pdfs_article_id_foreign` (`article_id`);

--
-- Indexes for table `permissions`
--
ALTER TABLE `permissions`
  ADD PRIMARY KEY (`id`);

--
-- Indexes for table `permission_role`
--
ALTER TABLE `permission_role`
  ADD KEY `permission_role_permission_id_foreign` (`permission_id`),
  ADD KEY `permission_role_role_id_foreign` (`role_id`);

--
-- Indexes for table `products`
--
ALTER TABLE `products`
  ADD PRIMARY KEY (`id`),
  ADD KEY `products_category_id_foreign` (`category_id`),
  ADD KEY `products_store_id_foreign` (`store_id`),
  ADD KEY `products_brand_id_foreign` (`brand_id`);

--
-- Indexes for table `product_subattributes`
--
ALTER TABLE `product_subattributes`
  ADD PRIMARY KEY (`id`),
  ADD KEY `product_subattributes_product_id_foreign` (`product_id`),
  ADD KEY `product_subattributes_subattribute_id_foreign` (`subattribute_id`);

--
-- Indexes for table `roles`
--
ALTER TABLE `roles`
  ADD PRIMARY KEY (`id`);

--
-- Indexes for table `role_user`
--
ALTER TABLE `role_user`
  ADD KEY `role_user_role_id_foreign` (`role_id`),
  ADD KEY `role_user_user_id_foreign` (`user_id`);

--
-- Indexes for table `settings`
--
ALTER TABLE `settings`
  ADD PRIMARY KEY (`id`);

--
-- Indexes for table `sliders`
--
ALTER TABLE `sliders`
  ADD PRIMARY KEY (`id`),
  ADD KEY `sliders_lang_id_foreign` (`lang_id`);

--
-- Indexes for table `stores`
--
ALTER TABLE `stores`
  ADD PRIMARY KEY (`id`),
  ADD KEY `stores_user_id_foreign` (`user_id`);

--
-- Indexes for table `subattributes`
--
ALTER TABLE `subattributes`
  ADD PRIMARY KEY (`id`),
  ADD KEY `subattributes_attribute_id_foreign` (`attribute_id`);

--
-- Indexes for table `subattribute_values`
--
ALTER TABLE `subattribute_values`
  ADD PRIMARY KEY (`id`),
  ADD KEY `subattribute_values_subattribute_id_foreign` (`subattribute_id`);

--
-- Indexes for table `tags`
--
ALTER TABLE `tags`
  ADD PRIMARY KEY (`id`);

--
-- Indexes for table `userinfos`
--
ALTER TABLE `userinfos`
  ADD PRIMARY KEY (`id`),
  ADD KEY `userinfos_user_id_foreign` (`user_id`);

--
-- Indexes for table `users`
--
ALTER TABLE `users`
  ADD PRIMARY KEY (`id`),
  ADD UNIQUE KEY `users_email_unique` (`email`);

--
-- Indexes for table `videos`
--
ALTER TABLE `videos`
  ADD PRIMARY KEY (`id`);

--
-- AUTO_INCREMENT for dumped tables
--

--
-- AUTO_INCREMENT for table `articleattrs`
--
ALTER TABLE `articleattrs`
  MODIFY `id` bigint(20) UNSIGNED NOT NULL AUTO_INCREMENT;

--
-- AUTO_INCREMENT for table `articles`
--
ALTER TABLE `articles`
  MODIFY `id` bigint(20) UNSIGNED NOT NULL AUTO_INCREMENT, AUTO_INCREMENT=20;

--
-- AUTO_INCREMENT for table `article_contents`
--
ALTER TABLE `article_contents`
  MODIFY `id` bigint(20) UNSIGNED NOT NULL AUTO_INCREMENT, AUTO_INCREMENT=20;

--
-- AUTO_INCREMENT for table `article_groups`
--
ALTER TABLE `article_groups`
  MODIFY `id` bigint(20) UNSIGNED NOT NULL AUTO_INCREMENT, AUTO_INCREMENT=10;

--
-- AUTO_INCREMENT for table `article_types`
--
ALTER TABLE `article_types`
  MODIFY `id` bigint(20) UNSIGNED NOT NULL AUTO_INCREMENT, AUTO_INCREMENT=4;

--
-- AUTO_INCREMENT for table `attributes`
--
ALTER TABLE `attributes`
  MODIFY `id` bigint(20) UNSIGNED NOT NULL AUTO_INCREMENT, AUTO_INCREMENT=2;

--
-- AUTO_INCREMENT for table `brands`
--
ALTER TABLE `brands`
  MODIFY `id` bigint(20) UNSIGNED NOT NULL AUTO_INCREMENT;

--
-- AUTO_INCREMENT for table `categories`
--
ALTER TABLE `categories`
  MODIFY `id` bigint(20) UNSIGNED NOT NULL AUTO_INCREMENT, AUTO_INCREMENT=4;

--
-- AUTO_INCREMENT for table `colors`
--
ALTER TABLE `colors`
  MODIFY `id` bigint(20) UNSIGNED NOT NULL AUTO_INCREMENT;

--
-- AUTO_INCREMENT for table `comments`
--
ALTER TABLE `comments`
  MODIFY `id` bigint(20) UNSIGNED NOT NULL AUTO_INCREMENT;

--
-- AUTO_INCREMENT for table `contactuses`
--
ALTER TABLE `contactuses`
  MODIFY `id` bigint(20) UNSIGNED NOT NULL AUTO_INCREMENT;

--
-- AUTO_INCREMENT for table `customers`
--
ALTER TABLE `customers`
  MODIFY `id` bigint(20) UNSIGNED NOT NULL AUTO_INCREMENT;

--
-- AUTO_INCREMENT for table `filemanagers`
--
ALTER TABLE `filemanagers`
  MODIFY `id` bigint(20) UNSIGNED NOT NULL AUTO_INCREMENT;

--
-- AUTO_INCREMENT for table `galleries`
--
ALTER TABLE `galleries`
  MODIFY `id` bigint(20) UNSIGNED NOT NULL AUTO_INCREMENT;

--
-- AUTO_INCREMENT for table `guarantees`
--
ALTER TABLE `guarantees`
  MODIFY `id` bigint(20) UNSIGNED NOT NULL AUTO_INCREMENT;

--
-- AUTO_INCREMENT for table `images`
--
ALTER TABLE `images`
  MODIFY `id` bigint(20) UNSIGNED NOT NULL AUTO_INCREMENT;

--
-- AUTO_INCREMENT for table `keywords`
--
ALTER TABLE `keywords`
  MODIFY `id` bigint(20) UNSIGNED NOT NULL AUTO_INCREMENT;

--
-- AUTO_INCREMENT for table `langs`
--
ALTER TABLE `langs`
  MODIFY `id` bigint(20) UNSIGNED NOT NULL AUTO_INCREMENT, AUTO_INCREMENT=3;

--
-- AUTO_INCREMENT for table `menus`
--
ALTER TABLE `menus`
  MODIFY `id` bigint(20) UNSIGNED NOT NULL AUTO_INCREMENT;

--
-- AUTO_INCREMENT for table `menu_groups`
--
ALTER TABLE `menu_groups`
  MODIFY `id` bigint(20) UNSIGNED NOT NULL AUTO_INCREMENT;

--
-- AUTO_INCREMENT for table `migrations`
--
ALTER TABLE `migrations`
  MODIFY `id` int(10) UNSIGNED NOT NULL AUTO_INCREMENT, AUTO_INCREMENT=28;

--
-- AUTO_INCREMENT for table `pdfs`
--
ALTER TABLE `pdfs`
  MODIFY `id` bigint(20) UNSIGNED NOT NULL AUTO_INCREMENT;

--
-- AUTO_INCREMENT for table `permissions`
--
ALTER TABLE `permissions`
  MODIFY `id` bigint(20) UNSIGNED NOT NULL AUTO_INCREMENT, AUTO_INCREMENT=11;

--
-- AUTO_INCREMENT for table `products`
--
ALTER TABLE `products`
  MODIFY `id` bigint(20) UNSIGNED NOT NULL AUTO_INCREMENT, AUTO_INCREMENT=8;

--
-- AUTO_INCREMENT for table `product_subattributes`
--
ALTER TABLE `product_subattributes`
  MODIFY `id` bigint(20) UNSIGNED NOT NULL AUTO_INCREMENT, AUTO_INCREMENT=26;

--
-- AUTO_INCREMENT for table `roles`
--
ALTER TABLE `roles`
  MODIFY `id` bigint(20) UNSIGNED NOT NULL AUTO_INCREMENT, AUTO_INCREMENT=5;

--
-- AUTO_INCREMENT for table `settings`
--
ALTER TABLE `settings`
  MODIFY `id` bigint(20) UNSIGNED NOT NULL AUTO_INCREMENT, AUTO_INCREMENT=2;

--
-- AUTO_INCREMENT for table `sliders`
--
ALTER TABLE `sliders`
  MODIFY `id` bigint(20) UNSIGNED NOT NULL AUTO_INCREMENT;

--
-- AUTO_INCREMENT for table `stores`
--
ALTER TABLE `stores`
  MODIFY `id` bigint(20) UNSIGNED NOT NULL AUTO_INCREMENT;

--
-- AUTO_INCREMENT for table `subattributes`
--
ALTER TABLE `subattributes`
  MODIFY `id` bigint(20) UNSIGNED NOT NULL AUTO_INCREMENT, AUTO_INCREMENT=21;

--
-- AUTO_INCREMENT for table `subattribute_values`
--
ALTER TABLE `subattribute_values`
  MODIFY `id` bigint(20) UNSIGNED NOT NULL AUTO_INCREMENT, AUTO_INCREMENT=19;

--
-- AUTO_INCREMENT for table `tags`
--
ALTER TABLE `tags`
  MODIFY `id` bigint(20) UNSIGNED NOT NULL AUTO_INCREMENT;

--
-- AUTO_INCREMENT for table `userinfos`
--
ALTER TABLE `userinfos`
  MODIFY `id` bigint(20) UNSIGNED NOT NULL AUTO_INCREMENT;

--
-- AUTO_INCREMENT for table `users`
--
ALTER TABLE `users`
  MODIFY `id` bigint(20) UNSIGNED NOT NULL AUTO_INCREMENT, AUTO_INCREMENT=4;

--
-- AUTO_INCREMENT for table `videos`
--
ALTER TABLE `videos`
  MODIFY `id` bigint(20) UNSIGNED NOT NULL AUTO_INCREMENT;

--
-- Constraints for dumped tables
--

--
-- Constraints for table `articleattrs`
--
ALTER TABLE `articleattrs`
  ADD CONSTRAINT `articleattrs_article_id_foreign` FOREIGN KEY (`article_id`) REFERENCES `articles` (`id`) ON DELETE CASCADE ON UPDATE CASCADE;

--
-- Constraints for table `articles`
--
ALTER TABLE `articles`
  ADD CONSTRAINT `articles_article_group_id_foreign` FOREIGN KEY (`article_group_id`) REFERENCES `article_groups` (`id`) ON DELETE CASCADE ON UPDATE CASCADE,
  ADD CONSTRAINT `articles_user_id_foreign` FOREIGN KEY (`user_id`) REFERENCES `users` (`id`) ON DELETE CASCADE ON UPDATE CASCADE;

--
-- Constraints for table `article_contents`
--
ALTER TABLE `article_contents`
  ADD CONSTRAINT `article_contents_article_id_foreign` FOREIGN KEY (`article_id`) REFERENCES `articles` (`id`) ON DELETE CASCADE ON UPDATE CASCADE,
  ADD CONSTRAINT `article_contents_article_type_id_foreign` FOREIGN KEY (`article_type_id`) REFERENCES `article_types` (`id`) ON DELETE CASCADE ON UPDATE CASCADE;

--
-- Constraints for table `article_tag`
--
ALTER TABLE `article_tag`
  ADD CONSTRAINT `article_tag_article_id_foreign` FOREIGN KEY (`article_id`) REFERENCES `articles` (`id`) ON DELETE CASCADE ON UPDATE CASCADE,
  ADD CONSTRAINT `article_tag_tag_id_foreign` FOREIGN KEY (`tag_id`) REFERENCES `tags` (`id`) ON DELETE CASCADE ON UPDATE CASCADE;

--
-- Constraints for table `attribute_category`
--
ALTER TABLE `attribute_category`
  ADD CONSTRAINT `attribute_category_attribute_id_foreign` FOREIGN KEY (`attribute_id`) REFERENCES `attributes` (`id`) ON DELETE CASCADE ON UPDATE CASCADE,
  ADD CONSTRAINT `attribute_category_category_id_foreign` FOREIGN KEY (`category_id`) REFERENCES `categories` (`id`) ON DELETE CASCADE ON UPDATE CASCADE;

--
-- Constraints for table `color_product`
--
ALTER TABLE `color_product`
  ADD CONSTRAINT `color_product_color_id_foreign` FOREIGN KEY (`color_id`) REFERENCES `colors` (`id`) ON DELETE CASCADE ON UPDATE CASCADE,
  ADD CONSTRAINT `color_product_product_id_foreign` FOREIGN KEY (`product_id`) REFERENCES `products` (`id`) ON DELETE CASCADE ON UPDATE CASCADE;

--
-- Constraints for table `comments`
--
ALTER TABLE `comments`
  ADD CONSTRAINT `comments_product_id_foreign` FOREIGN KEY (`product_id`) REFERENCES `products` (`id`) ON DELETE CASCADE ON UPDATE CASCADE,
  ADD CONSTRAINT `comments_user_id_foreign` FOREIGN KEY (`user_id`) REFERENCES `users` (`id`) ON DELETE CASCADE ON UPDATE CASCADE;

--
-- Constraints for table `filemanagers`
--
ALTER TABLE `filemanagers`
  ADD CONSTRAINT `filemanagers_article_id_foreign` FOREIGN KEY (`article_id`) REFERENCES `articles` (`id`) ON DELETE CASCADE ON UPDATE CASCADE,
  ADD CONSTRAINT `filemanagers_product_id_foreign` FOREIGN KEY (`product_id`) REFERENCES `products` (`id`) ON DELETE CASCADE ON UPDATE CASCADE;

--
-- Constraints for table `galleries`
--
ALTER TABLE `galleries`
  ADD CONSTRAINT `galleries_article_id_foreign` FOREIGN KEY (`article_id`) REFERENCES `articles` (`id`) ON DELETE CASCADE ON UPDATE CASCADE,
  ADD CONSTRAINT `galleries_product_id_foreign` FOREIGN KEY (`product_id`) REFERENCES `products` (`id`) ON DELETE CASCADE ON UPDATE CASCADE;

--
-- Constraints for table `guarantee_product`
--
ALTER TABLE `guarantee_product`
  ADD CONSTRAINT `guarantee_product_guarantee_id_foreign` FOREIGN KEY (`guarantee_id`) REFERENCES `guarantees` (`id`) ON DELETE CASCADE ON UPDATE CASCADE,
  ADD CONSTRAINT `guarantee_product_product_id_foreign` FOREIGN KEY (`product_id`) REFERENCES `products` (`id`) ON DELETE CASCADE ON UPDATE CASCADE;

--
-- Constraints for table `images`
--
ALTER TABLE `images`
  ADD CONSTRAINT `images_slider_id_foreign` FOREIGN KEY (`slider_id`) REFERENCES `sliders` (`id`) ON DELETE CASCADE ON UPDATE CASCADE;

--
-- Constraints for table `keywords`
--
ALTER TABLE `keywords`
  ADD CONSTRAINT `keywords_article_group_id_foreign` FOREIGN KEY (`article_group_id`) REFERENCES `article_groups` (`id`) ON DELETE CASCADE ON UPDATE CASCADE,
  ADD CONSTRAINT `keywords_article_id_foreign` FOREIGN KEY (`article_id`) REFERENCES `articles` (`id`) ON DELETE CASCADE ON UPDATE CASCADE,
  ADD CONSTRAINT `keywords_setting_id_foreign` FOREIGN KEY (`setting_id`) REFERENCES `settings` (`id`) ON DELETE CASCADE ON UPDATE CASCADE;

--
-- Constraints for table `menus`
--
ALTER TABLE `menus`
  ADD CONSTRAINT `menus_article_group_id_foreign` FOREIGN KEY (`article_group_id`) REFERENCES `article_groups` (`id`) ON DELETE CASCADE ON UPDATE CASCADE,
  ADD CONSTRAINT `menus_article_id_foreign` FOREIGN KEY (`article_id`) REFERENCES `articles` (`id`) ON DELETE CASCADE ON UPDATE CASCADE,
  ADD CONSTRAINT `menus_menu_group_id_foreign` FOREIGN KEY (`menu_group_id`) REFERENCES `menu_groups` (`id`) ON DELETE CASCADE ON UPDATE CASCADE;

--
-- Constraints for table `pdfs`
--
ALTER TABLE `pdfs`
  ADD CONSTRAINT `pdfs_article_id_foreign` FOREIGN KEY (`article_id`) REFERENCES `articles` (`id`) ON DELETE CASCADE ON UPDATE CASCADE;

--
-- Constraints for table `permission_role`
--
ALTER TABLE `permission_role`
  ADD CONSTRAINT `permission_role_permission_id_foreign` FOREIGN KEY (`permission_id`) REFERENCES `permissions` (`id`) ON DELETE CASCADE ON UPDATE CASCADE,
  ADD CONSTRAINT `permission_role_role_id_foreign` FOREIGN KEY (`role_id`) REFERENCES `roles` (`id`) ON DELETE CASCADE ON UPDATE CASCADE;

--
-- Constraints for table `products`
--
ALTER TABLE `products`
  ADD CONSTRAINT `products_brand_id_foreign` FOREIGN KEY (`brand_id`) REFERENCES `brands` (`id`) ON DELETE CASCADE ON UPDATE CASCADE,
  ADD CONSTRAINT `products_category_id_foreign` FOREIGN KEY (`category_id`) REFERENCES `categories` (`id`) ON DELETE CASCADE ON UPDATE CASCADE,
  ADD CONSTRAINT `products_store_id_foreign` FOREIGN KEY (`store_id`) REFERENCES `stores` (`id`) ON DELETE CASCADE ON UPDATE CASCADE;

--
-- Constraints for table `product_subattributes`
--
ALTER TABLE `product_subattributes`
  ADD CONSTRAINT `product_subattributes_product_id_foreign` FOREIGN KEY (`product_id`) REFERENCES `products` (`id`) ON DELETE CASCADE ON UPDATE CASCADE,
  ADD CONSTRAINT `product_subattributes_subattribute_id_foreign` FOREIGN KEY (`subattribute_id`) REFERENCES `subattributes` (`id`) ON DELETE CASCADE ON UPDATE CASCADE;

--
-- Constraints for table `role_user`
--
ALTER TABLE `role_user`
  ADD CONSTRAINT `role_user_role_id_foreign` FOREIGN KEY (`role_id`) REFERENCES `roles` (`id`) ON DELETE CASCADE ON UPDATE CASCADE,
  ADD CONSTRAINT `role_user_user_id_foreign` FOREIGN KEY (`user_id`) REFERENCES `users` (`id`) ON DELETE CASCADE ON UPDATE CASCADE;

--
-- Constraints for table `sliders`
--
ALTER TABLE `sliders`
  ADD CONSTRAINT `sliders_lang_id_foreign` FOREIGN KEY (`lang_id`) REFERENCES `langs` (`id`) ON DELETE CASCADE ON UPDATE CASCADE;

--
-- Constraints for table `stores`
--
ALTER TABLE `stores`
  ADD CONSTRAINT `stores_user_id_foreign` FOREIGN KEY (`user_id`) REFERENCES `users` (`id`) ON DELETE CASCADE ON UPDATE CASCADE;

--
-- Constraints for table `subattributes`
--
ALTER TABLE `subattributes`
  ADD CONSTRAINT `subattributes_attribute_id_foreign` FOREIGN KEY (`attribute_id`) REFERENCES `attributes` (`id`) ON DELETE CASCADE ON UPDATE CASCADE;

--
-- Constraints for table `subattribute_values`
--
ALTER TABLE `subattribute_values`
  ADD CONSTRAINT `subattribute_values_subattribute_id_foreign` FOREIGN KEY (`subattribute_id`) REFERENCES `subattributes` (`id`) ON DELETE CASCADE ON UPDATE CASCADE;

--
-- Constraints for table `userinfos`
--
ALTER TABLE `userinfos`
  ADD CONSTRAINT `userinfos_user_id_foreign` FOREIGN KEY (`user_id`) REFERENCES `users` (`id`) ON DELETE CASCADE ON UPDATE CASCADE;
COMMIT;

/*!40101 SET CHARACTER_SET_CLIENT=@OLD_CHARACTER_SET_CLIENT */;
/*!40101 SET CHARACTER_SET_RESULTS=@OLD_CHARACTER_SET_RESULTS */;
/*!40101 SET COLLATION_CONNECTION=@OLD_COLLATION_CONNECTION */;
